,,,,,"C-11 POPULATION ATTENDING EDUCATIONAL INSTITUTION BY COMPLETED EDUCATION LEVEL, AGE AND SEX - 2011",,,,,,,,,,,,,,,,,,,,,,,,,,,,,,,,,,,,,,,
Table,State,Distt.,Area Name,Total/,Age-group,Total population,,,Population ,,,Illiterates,,,Literates,,,Educational level,,,,,,,,,,,,,,,,,,,,,,,,,,
Name,Code,Code,,Rural/,,,,,attending educational institution,,,,,,,,,Literate without,,,Below primary,,,Primary,,,Middle,,,Matric/Secondary,,,Higher Secondary/Intermediate,,,Non-technical diploma or,,,Technical diploma or certificate not,,,Graduate & above,,
,,,,Urban/,,,,,,,,,,,,,,education level,,,,,,,,,,,,,,,Pre-University/Senior secondary,,,certificate not equal to degree,,,equal to degree,,,,,
,,,,,,Persons,Males,Females,Persons,Males,Females,Persons,Males,Females,Persons,Males,Females,Persons,Males,Females,Persons,Males,Females,Persons,Males,Females,Persons,Males,Females,Persons,Males,Females,Persons,Males,Females,Persons,Males,Females,Persons,Males,Females,Persons,Males,Females
,,,,,1.0,2.0,3.0,4.0,5.0,6.0,7.0,8.0,9.0,10.0,11.0,12.0,13.0,14.0,15.0,16.0,17.0,18.0,19.0,20.0,21.0,22.0,23.0,24.0,25.0,26.0,27.0,28.0,29.0,30.0,31.0,32.0,33.0,34.0,35.0,36.0,37.0,38.0,39.0,40.0
,,,,,,,,,,,,,,,,,,,,,,,,,,,,,,,,,,,,,,,,,,,,
C3311,16,000,State - TRIPURA,Total,All ages,3673917.0,1874376.0,1799541.0,976508.0,504402.0,472106.0,92769.0,46660.0,46109.0,883739.0,457742.0,425997.0,53891.0,21532.0,32359.0,286669.0,146397.0,140272.0,232053.0,119998.0,112055.0,162597.0,84698.0,77899.0,65830.0,36285.0,29545.0,58685.0,34915.0,23770.0,141.0,93.0,48.0,1823.0,1223.0,600.0,16463.0,10082.0,6381.0
C3311,16,000,State - TRIPURA,Total,0-4,322566.0,164505.0,158061.0,20880.0,10770.0,10110.0,20880.0,10770.0,10110.0,0.0,0.0,0.0,0.0,0.0,0.0,0.0,0.0,0.0,0.0,0.0,0.0,0.0,0.0,0.0,0.0,0.0,0.0,0.0,0.0,0.0,0.0,0.0,0.0,0.0,0.0,0.0,0.0,0.0,0.0
C3311,16,000,State - TRIPURA,Total,5.0,69220.0,35258.0,33962.0,19276.0,9811.0,9465.0,19276.0,9811.0,9465.0,0.0,0.0,0.0,0.0,0.0,0.0,0.0,0.0,0.0,0.0,0.0,0.0,0.0,0.0,0.0,0.0,0.0,0.0,0.0,0.0,0.0,0.0,0.0,0.0,0.0,0.0,0.0,0.0,0.0,0.0
C3311,16,000,State - TRIPURA,Total,6.0,66228.0,34245.0,31983.0,34184.0,17774.0,16410.0,34184.0,17774.0,16410.0,0.0,0.0,0.0,0.0,0.0,0.0,0.0,0.0,0.0,0.0,0.0,0.0,0.0,0.0,0.0,0.0,0.0,0.0,0.0,0.0,0.0,0.0,0.0,0.0,0.0,0.0,0.0,0.0,0.0,0.0
C3311,16,000,State - TRIPURA,Total,7.0,66430.0,33918.0,32512.0,57622.0,29482.0,28140.0,4364.0,2235.0,2129.0,53258.0,27247.0,26011.0,455.0,239.0,216.0,52577.0,26889.0,25688.0,0.0,0.0,0.0,0.0,0.0,0.0,0.0,0.0,0.0,0.0,0.0,0.0,0.0,0.0,0.0,0.0,0.0,0.0,0.0,0.0,0.0
C3311,16,000,State - TRIPURA,Total,8.0,68449.0,34968.0,33481.0,63890.0,32695.0,31195.0,1457.0,723.0,734.0,62433.0,31972.0,30461.0,351.0,191.0,160.0,61998.0,31726.0,30272.0,0.0,0.0,0.0,0.0,0.0,0.0,0.0,0.0,0.0,0.0,0.0,0.0,0.0,0.0,0.0,0.0,0.0,0.0,0.0,0.0,0.0
C3311,16,000,State - TRIPURA,Total,9.0,67408.0,34152.0,33256.0,63817.0,32393.0,31424.0,850.0,417.0,433.0,62967.0,31976.0,30991.0,294.0,143.0,151.0,59233.0,30136.0,29097.0,3370.0,1660.0,1710.0,0.0,0.0,0.0,0.0,0.0,0.0,0.0,0.0,0.0,0.0,0.0,0.0,0.0,0.0,0.0,0.0,0.0,0.0
C3311,16,000,State - TRIPURA,Total,10.0,74446.0,38244.0,36202.0,69583.0,35852.0,33731.0,704.0,356.0,348.0,68879.0,35496.0,33383.0,347.0,200.0,147.0,53039.0,27472.0,25567.0,15429.0,7790.0,7639.0,0.0,0.0,0.0,0.0,0.0,0.0,0.0,0.0,0.0,0.0,0.0,0.0,0.0,0.0,0.0,0.0,0.0,0.0
C3311,16,000,State - TRIPURA,Total,11.0,70154.0,35830.0,34324.0,66210.0,33927.0,32283.0,466.0,242.0,224.0,65744.0,33685.0,32059.0,360.0,183.0,177.0,24859.0,12965.0,11894.0,40451.0,20490.0,19961.0,0.0,0.0,0.0,0.0,0.0,0.0,0.0,0.0,0.0,0.0,0.0,0.0,0.0,0.0,0.0,0.0,0.0,0.0
C3311,16,000,State - TRIPURA,Total,12.0,74234.0,38045.0,36189.0,69015.0,35536.0,33479.0,400.0,195.0,205.0,68615.0,35341.0,33274.0,334.0,157.0,177.0,11013.0,5844.0,5169.0,54319.0,27852.0,26467.0,2864.0,1446.0,1418.0,0.0,0.0,0.0,0.0,0.0,0.0,0.0,0.0,0.0,0.0,0.0,0.0,0.0,0.0,0.0
C3311,16,000,State - TRIPURA,Total,13.0,69374.0,35375.0,33999.0,63989.0,32727.0,31262.0,307.0,161.0,146.0,63682.0,32566.0,31116.0,346.0,171.0,175.0,4929.0,2578.0,2351.0,47532.0,24405.0,23127.0,10803.0,5370.0,5433.0,0.0,0.0,0.0,0.0,0.0,0.0,0.0,0.0,0.0,0.0,0.0,0.0,0.0,0.0,0.0
C3311,16,000,State - TRIPURA,Total,14.0,69482.0,35507.0,33975.0,61559.0,31609.0,29950.0,306.0,158.0,148.0,61253.0,31451.0,29802.0,390.0,179.0,211.0,2753.0,1471.0,1282.0,28946.0,15115.0,13831.0,29109.0,14663.0,14446.0,0.0,0.0,0.0,0.0,0.0,0.0,0.0,0.0,0.0,0.0,0.0,0.0,0.0,0.0,0.0
C3311,16,000,State - TRIPURA,Total,15.0,71020.0,36298.0,34722.0,58222.0,29964.0,28258.0,268.0,134.0,134.0,57954.0,29830.0,28124.0,403.0,181.0,222.0,1786.0,954.0,832.0,15540.0,8421.0,7119.0,35034.0,17707.0,17327.0,5125.0,2532.0,2593.0,0.0,0.0,0.0,0.0,0.0,0.0,0.0,0.0,0.0,0.0,0.0,0.0
C3311,16,000,State - TRIPURA,Total,16.0,71534.0,36901.0,34633.0,54138.0,28149.0,25989.0,245.0,127.0,118.0,53893.0,28022.0,25871.0,470.0,192.0,278.0,1224.0,658.0,566.0,8939.0,4826.0,4113.0,30490.0,15798.0,14692.0,12704.0,6515.0,6189.0,0.0,0.0,0.0,0.0,0.0,0.0,0.0,0.0,0.0,0.0,0.0,0.0
C3311,16,000,State - TRIPURA,Total,17.0,67462.0,35616.0,31846.0,44279.0,24015.0,20264.0,220.0,109.0,111.0,44059.0,23906.0,20153.0,423.0,174.0,249.0,893.0,484.0,409.0,4940.0,2748.0,2192.0,19318.0,10380.0,8938.0,18423.0,10087.0,8336.0,0.0,0.0,0.0,0.0,0.0,0.0,0.0,0.0,0.0,0.0,0.0,0.0
C3311,16,000,State - TRIPURA,Total,18.0,77535.0,38564.0,38971.0,38758.0,21505.0,17253.0,236.0,102.0,134.0,38522.0,21403.0,17119.0,556.0,218.0,338.0,949.0,491.0,458.0,3370.0,1841.0,1529.0,13165.0,7287.0,5878.0,10448.0,5906.0,4542.0,9817.0,5528.0,4289.0,12.0,7.0,5.0,131.0,86.0,45.0,0.0,0.0,0.0
C3311,16,000,State - TRIPURA,Total,19.0,70278.0,33757.0,36521.0,30606.0,17022.0,13584.0,189.0,82.0,107.0,30417.0,16940.0,13477.0,536.0,190.0,346.0,858.0,437.0,421.0,2209.0,1146.0,1063.0,7938.0,4364.0,3574.0,6789.0,3910.0,2879.0,11776.0,6711.0,5065.0,20.0,9.0,11.0,227.0,139.0,88.0,0.0,0.0,0.0
C3311,16,000,State - TRIPURA,Total,20-24,373177.0,183779.0,189398.0,83722.0,47705.0,36017.0,839.0,349.0,490.0,82883.0,47356.0,35527.0,3378.0,1115.0,2263.0,3423.0,1684.0,1739.0,6375.0,3404.0,2971.0,13476.0,7477.0,5999.0,12235.0,7269.0,4966.0,33823.0,20557.0,13266.0,77.0,55.0,22.0,1047.0,694.0,353.0,8664.0,4939.0,3725.0
C3311,16,000,State - TRIPURA,Total,25-29,344149.0,175059.0,169090.0,12494.0,6202.0,6292.0,787.0,295.0,492.0,11707.0,5907.0,5800.0,4451.0,1568.0,2883.0,494.0,175.0,319.0,88.0,38.0,50.0,84.0,40.0,44.0,23.0,15.0,8.0,2374.0,1505.0,869.0,10.0,4.0,6.0,201.0,143.0,58.0,3639.0,2275.0,1364.0
C3311,16,000,State - TRIPURA,Total,30-34,286989.0,149231.0,137758.0,7915.0,3370.0,4545.0,705.0,279.0,426.0,7210.0,3091.0,4119.0,4374.0,1513.0,2861.0,566.0,189.0,377.0,71.0,38.0,33.0,70.0,35.0,35.0,15.0,9.0,6.0,438.0,309.0,129.0,8.0,7.0,1.0,67.0,51.0,16.0,1238.0,817.0,421.0
C3311,16,000,State - TRIPURA,Total,35-59,1002622.0,522337.0,480285.0,41751.0,17101.0,24650.0,4231.0,1627.0,2604.0,37520.0,15474.0,22046.0,27156.0,10539.0,16617.0,4280.0,1533.0,2747.0,330.0,149.0,181.0,191.0,100.0,91.0,60.0,38.0,22.0,350.0,240.0,110.0,9.0,8.0,1.0,119.0,87.0,32.0,2548.0,1760.0,788.0
C3311,16,000,State - TRIPURA,Total,60+,289544.0,141920.0,147624.0,14543.0,6761.0,7782.0,1836.0,703.0,1133.0,12707.0,6058.0,6649.0,9264.0,4377.0,4887.0,1794.0,710.0,1084.0,143.0,74.0,69.0,53.0,31.0,22.0,8.0,4.0,4.0,96.0,60.0,36.0,4.0,3.0,1.0,31.0,23.0,8.0,361.0,282.0,79.0
C3311,16,000,State - TRIPURA,Total,Age not stated,1616.0,867.0,749.0,55.0,32.0,23.0,19.0,11.0,8.0,36.0,21.0,15.0,3.0,2.0,1.0,1.0,1.0,0.0,1.0,1.0,0.0,2.0,0.0,2.0,0.0,0.0,0.0,11.0,5.0,6.0,1.0,0.0,1.0,0.0,0.0,0.0,13.0,9.0,4.0
C3311,16,000,State - TRIPURA,Rural,All ages,2712464.0,1387173.0,1325291.0,751079.0,388904.0,362175.0,72890.0,36532.0,36358.0,678189.0,352372.0,325817.0,47905.0,19344.0,28561.0,228542.0,116663.0,111879.0,183233.0,95243.0,87990.0,124165.0,65303.0,58862.0,46414.0,26122.0,20292.0,34796.0,21822.0,12974.0,53.0,35.0,18.0,611.0,433.0,178.0,7719.0,5210.0,2509.0
C3311,16,000,State - TRIPURA,Rural,0-4,258020.0,131384.0,126636.0,15376.0,7960.0,7416.0,15376.0,7960.0,7416.0,0.0,0.0,0.0,0.0,0.0,0.0,0.0,0.0,0.0,0.0,0.0,0.0,0.0,0.0,0.0,0.0,0.0,0.0,0.0,0.0,0.0,0.0,0.0,0.0,0.0,0.0,0.0,0.0,0.0,0.0
C3311,16,000,State - TRIPURA,Rural,5.0,54901.0,27966.0,26935.0,14751.0,7492.0,7259.0,14751.0,7492.0,7259.0,0.0,0.0,0.0,0.0,0.0,0.0,0.0,0.0,0.0,0.0,0.0,0.0,0.0,0.0,0.0,0.0,0.0,0.0,0.0,0.0,0.0,0.0,0.0,0.0,0.0,0.0,0.0,0.0,0.0,0.0
C3311,16,000,State - TRIPURA,Rural,6.0,52388.0,27050.0,25338.0,26971.0,14034.0,12937.0,26971.0,14034.0,12937.0,0.0,0.0,0.0,0.0,0.0,0.0,0.0,0.0,0.0,0.0,0.0,0.0,0.0,0.0,0.0,0.0,0.0,0.0,0.0,0.0,0.0,0.0,0.0,0.0,0.0,0.0,0.0,0.0,0.0,0.0
C3311,16,000,State - TRIPURA,Rural,7.0,52331.0,26766.0,25565.0,44862.0,23011.0,21851.0,3692.0,1893.0,1799.0,41170.0,21118.0,20052.0,344.0,178.0,166.0,40667.0,20850.0,19817.0,0.0,0.0,0.0,0.0,0.0,0.0,0.0,0.0,0.0,0.0,0.0,0.0,0.0,0.0,0.0,0.0,0.0,0.0,0.0,0.0,0.0
C3311,16,000,State - TRIPURA,Rural,8.0,53871.0,27492.0,26379.0,49879.0,25514.0,24365.0,1319.0,651.0,668.0,48560.0,24863.0,23697.0,273.0,149.0,124.0,48208.0,24662.0,23546.0,0.0,0.0,0.0,0.0,0.0,0.0,0.0,0.0,0.0,0.0,0.0,0.0,0.0,0.0,0.0,0.0,0.0,0.0,0.0,0.0,0.0
C3311,16,000,State - TRIPURA,Rural,9.0,52939.0,26775.0,26164.0,49865.0,25278.0,24587.0,770.0,370.0,400.0,49095.0,24908.0,24187.0,209.0,97.0,112.0,46035.0,23391.0,22644.0,2790.0,1387.0,1403.0,0.0,0.0,0.0,0.0,0.0,0.0,0.0,0.0,0.0,0.0,0.0,0.0,0.0,0.0,0.0,0.0,0.0,0.0
C3311,16,000,State - TRIPURA,Rural,10.0,59237.0,30415.0,28822.0,55057.0,28402.0,26655.0,615.0,302.0,313.0,54442.0,28100.0,26342.0,267.0,152.0,115.0,42226.0,21853.0,20373.0,11897.0,6065.0,5832.0,0.0,0.0,0.0,0.0,0.0,0.0,0.0,0.0,0.0,0.0,0.0,0.0,0.0,0.0,0.0,0.0,0.0,0.0
C3311,16,000,State - TRIPURA,Rural,11.0,55018.0,28076.0,26942.0,51707.0,26497.0,25210.0,391.0,199.0,192.0,51316.0,26298.0,25018.0,273.0,137.0,136.0,20931.0,10840.0,10091.0,30055.0,15285.0,14770.0,0.0,0.0,0.0,0.0,0.0,0.0,0.0,0.0,0.0,0.0,0.0,0.0,0.0,0.0,0.0,0.0,0.0,0.0
C3311,16,000,State - TRIPURA,Rural,12.0,59293.0,30412.0,28881.0,54852.0,28310.0,26542.0,350.0,161.0,189.0,54502.0,28149.0,26353.0,264.0,119.0,145.0,9769.0,5164.0,4605.0,42068.0,21640.0,20428.0,2334.0,1191.0,1143.0,0.0,0.0,0.0,0.0,0.0,0.0,0.0,0.0,0.0,0.0,0.0,0.0,0.0,0.0,0.0
C3311,16,000,State - TRIPURA,Rural,13.0,54998.0,28164.0,26834.0,50452.0,25959.0,24493.0,266.0,132.0,134.0,50186.0,25827.0,24359.0,278.0,135.0,143.0,4390.0,2276.0,2114.0,37411.0,19362.0,18049.0,8049.0,4019.0,4030.0,0.0,0.0,0.0,0.0,0.0,0.0,0.0,0.0,0.0,0.0,0.0,0.0,0.0,0.0,0.0
C3311,16,000,State - TRIPURA,Rural,14.0,54448.0,27837.0,26611.0,47854.0,24651.0,23203.0,250.0,127.0,123.0,47604.0,24524.0,23080.0,302.0,129.0,173.0,2460.0,1323.0,1137.0,23817.0,12420.0,11397.0,20978.0,10633.0,10345.0,0.0,0.0,0.0,0.0,0.0,0.0,0.0,0.0,0.0,0.0,0.0,0.0,0.0,0.0,0.0
C3311,16,000,State - TRIPURA,Rural,15.0,55643.0,28476.0,27167.0,44928.0,23251.0,21677.0,221.0,110.0,111.0,44707.0,23141.0,21566.0,323.0,148.0,175.0,1588.0,851.0,737.0,13101.0,7090.0,6011.0,26010.0,13223.0,12787.0,3634.0,1799.0,1835.0,0.0,0.0,0.0,0.0,0.0,0.0,0.0,0.0,0.0,0.0,0.0,0.0
C3311,16,000,State - TRIPURA,Rural,16.0,55345.0,28666.0,26679.0,41005.0,21514.0,19491.0,203.0,107.0,96.0,40802.0,21407.0,19395.0,397.0,156.0,241.0,1073.0,577.0,496.0,7512.0,4079.0,3433.0,23244.0,12177.0,11067.0,8523.0,4392.0,4131.0,0.0,0.0,0.0,0.0,0.0,0.0,0.0,0.0,0.0,0.0,0.0,0.0
C3311,16,000,State - TRIPURA,Rural,17.0,51403.0,27424.0,23979.0,32626.0,17997.0,14629.0,180.0,89.0,91.0,32446.0,17908.0,14538.0,350.0,135.0,215.0,762.0,402.0,360.0,4109.0,2301.0,1808.0,15277.0,8318.0,6959.0,11902.0,6725.0,5177.0,0.0,0.0,0.0,0.0,0.0,0.0,0.0,0.0,0.0,0.0,0.0,0.0
C3311,16,000,State - TRIPURA,Rural,18.0,59769.0,29626.0,30143.0,28188.0,15853.0,12335.0,183.0,70.0,113.0,28005.0,15783.0,12222.0,482.0,178.0,304.0,813.0,419.0,394.0,2806.0,1550.0,1256.0,10665.0,5941.0,4724.0,7373.0,4283.0,3090.0,5770.0,3354.0,2416.0,2.0,2.0,0.0,37.0,24.0,13.0,0.0,0.0,0.0
C3311,16,000,State - TRIPURA,Rural,19.0,52728.0,25185.0,27543.0,21227.0,12038.0,9189.0,146.0,55.0,91.0,21081.0,11983.0,9098.0,455.0,151.0,304.0,708.0,358.0,350.0,1847.0,979.0,868.0,6294.0,3491.0,2803.0,5078.0,2961.0,2117.0,6591.0,3979.0,2612.0,8.0,4.0,4.0,56.0,37.0,19.0,0.0,0.0,0.0
C3311,16,000,State - TRIPURA,Rural,20-24,280876.0,138466.0,142410.0,57838.0,33586.0,24252.0,671.0,264.0,407.0,57167.0,33322.0,23845.0,2997.0,930.0,2067.0,2874.0,1391.0,1483.0,5290.0,2821.0,2469.0,11002.0,6157.0,4845.0,9825.0,5912.0,3913.0,20441.0,13150.0,7291.0,26.0,18.0,8.0,335.0,250.0,85.0,4084.0,2577.0,1507.0
C3311,16,000,State - TRIPURA,Rural,25-29,252860.0,129389.0,123471.0,9161.0,4379.0,4782.0,696.0,250.0,446.0,8465.0,4129.0,4336.0,4147.0,1474.0,2673.0,433.0,154.0,279.0,78.0,33.0,45.0,61.0,26.0,35.0,19.0,14.0,5.0,1475.0,964.0,511.0,7.0,3.0,4.0,74.0,58.0,16.0,1890.0,1283.0,607.0
C3311,16,000,State - TRIPURA,Rural,30-34,204868.0,107731.0,97137.0,6609.0,2734.0,3875.0,618.0,245.0,373.0,5991.0,2489.0,3502.0,4053.0,1422.0,2631.0,500.0,180.0,320.0,63.0,37.0,26.0,60.0,27.0,33.0,12.0,8.0,4.0,262.0,186.0,76.0,3.0,3.0,0.0,31.0,22.0,9.0,675.0,490.0,185.0
C3311,16,000,State - TRIPURA,Rural,35-59,684730.0,357962.0,326768.0,35597.0,14550.0,21047.0,3653.0,1414.0,2239.0,31944.0,13136.0,18808.0,24343.0,9650.0,14693.0,3671.0,1354.0,2317.0,281.0,128.0,153.0,151.0,76.0,75.0,44.0,26.0,18.0,214.0,159.0,55.0,5.0,4.0,1.0,59.0,31.0,28.0,979.0,785.0,194.0
C3311,16,000,State - TRIPURA,Rural,60+,205763.0,101343.0,104420.0,12245.0,5875.0,6370.0,1559.0,600.0,959.0,10686.0,5275.0,5411.0,8145.0,4002.0,4143.0,1434.0,618.0,816.0,107.0,65.0,42.0,39.0,24.0,15.0,4.0,2.0,2.0,37.0,26.0,11.0,2.0,1.0,1.0,19.0,11.0,8.0,83.0,70.0,13.0
C3311,16,000,State - TRIPURA,Rural,Age not stated,1035.0,568.0,467.0,29.0,19.0,10.0,9.0,7.0,2.0,20.0,12.0,8.0,3.0,2.0,1.0,0.0,0.0,0.0,1.0,1.0,0.0,1.0,0.0,1.0,0.0,0.0,0.0,6.0,4.0,2.0,0.0,0.0,0.0,0.0,0.0,0.0,8.0,5.0,3.0
C3311,16,000,State - TRIPURA,Urban,All ages,961453.0,487203.0,474250.0,225429.0,115498.0,109931.0,19879.0,10128.0,9751.0,205550.0,105370.0,100180.0,5986.0,2188.0,3798.0,58127.0,29734.0,28393.0,48820.0,24755.0,24065.0,38432.0,19395.0,19037.0,19416.0,10163.0,9253.0,23889.0,13093.0,10796.0,88.0,58.0,30.0,1212.0,790.0,422.0,8744.0,4872.0,3872.0
C3311,16,000,State - TRIPURA,Urban,0-4,64546.0,33121.0,31425.0,5504.0,2810.0,2694.0,5504.0,2810.0,2694.0,0.0,0.0,0.0,0.0,0.0,0.0,0.0,0.0,0.0,0.0,0.0,0.0,0.0,0.0,0.0,0.0,0.0,0.0,0.0,0.0,0.0,0.0,0.0,0.0,0.0,0.0,0.0,0.0,0.0,0.0
C3311,16,000,State - TRIPURA,Urban,5.0,14319.0,7292.0,7027.0,4525.0,2319.0,2206.0,4525.0,2319.0,2206.0,0.0,0.0,0.0,0.0,0.0,0.0,0.0,0.0,0.0,0.0,0.0,0.0,0.0,0.0,0.0,0.0,0.0,0.0,0.0,0.0,0.0,0.0,0.0,0.0,0.0,0.0,0.0,0.0,0.0,0.0
C3311,16,000,State - TRIPURA,Urban,6.0,13840.0,7195.0,6645.0,7213.0,3740.0,3473.0,7213.0,3740.0,3473.0,0.0,0.0,0.0,0.0,0.0,0.0,0.0,0.0,0.0,0.0,0.0,0.0,0.0,0.0,0.0,0.0,0.0,0.0,0.0,0.0,0.0,0.0,0.0,0.0,0.0,0.0,0.0,0.0,0.0,0.0
C3311,16,000,State - TRIPURA,Urban,7.0,14099.0,7152.0,6947.0,12760.0,6471.0,6289.0,672.0,342.0,330.0,12088.0,6129.0,5959.0,111.0,61.0,50.0,11910.0,6039.0,5871.0,0.0,0.0,0.0,0.0,0.0,0.0,0.0,0.0,0.0,0.0,0.0,0.0,0.0,0.0,0.0,0.0,0.0,0.0,0.0,0.0,0.0
C3311,16,000,State - TRIPURA,Urban,8.0,14578.0,7476.0,7102.0,14011.0,7181.0,6830.0,138.0,72.0,66.0,13873.0,7109.0,6764.0,78.0,42.0,36.0,13790.0,7064.0,6726.0,0.0,0.0,0.0,0.0,0.0,0.0,0.0,0.0,0.0,0.0,0.0,0.0,0.0,0.0,0.0,0.0,0.0,0.0,0.0,0.0,0.0
C3311,16,000,State - TRIPURA,Urban,9.0,14469.0,7377.0,7092.0,13952.0,7115.0,6837.0,80.0,47.0,33.0,13872.0,7068.0,6804.0,85.0,46.0,39.0,13198.0,6745.0,6453.0,580.0,273.0,307.0,0.0,0.0,0.0,0.0,0.0,0.0,0.0,0.0,0.0,0.0,0.0,0.0,0.0,0.0,0.0,0.0,0.0,0.0
C3311,16,000,State - TRIPURA,Urban,10.0,15209.0,7829.0,7380.0,14526.0,7450.0,7076.0,89.0,54.0,35.0,14437.0,7396.0,7041.0,80.0,48.0,32.0,10813.0,5619.0,5194.0,3532.0,1725.0,1807.0,0.0,0.0,0.0,0.0,0.0,0.0,0.0,0.0,0.0,0.0,0.0,0.0,0.0,0.0,0.0,0.0,0.0,0.0
C3311,16,000,State - TRIPURA,Urban,11.0,15136.0,7754.0,7382.0,14503.0,7430.0,7073.0,75.0,43.0,32.0,14428.0,7387.0,7041.0,87.0,46.0,41.0,3928.0,2125.0,1803.0,10396.0,5205.0,5191.0,0.0,0.0,0.0,0.0,0.0,0.0,0.0,0.0,0.0,0.0,0.0,0.0,0.0,0.0,0.0,0.0,0.0,0.0
C3311,16,000,State - TRIPURA,Urban,12.0,14941.0,7633.0,7308.0,14163.0,7226.0,6937.0,50.0,34.0,16.0,14113.0,7192.0,6921.0,70.0,38.0,32.0,1244.0,680.0,564.0,12251.0,6212.0,6039.0,530.0,255.0,275.0,0.0,0.0,0.0,0.0,0.0,0.0,0.0,0.0,0.0,0.0,0.0,0.0,0.0,0.0,0.0
C3311,16,000,State - TRIPURA,Urban,13.0,14376.0,7211.0,7165.0,13537.0,6768.0,6769.0,41.0,29.0,12.0,13496.0,6739.0,6757.0,68.0,36.0,32.0,539.0,302.0,237.0,10121.0,5043.0,5078.0,2754.0,1351.0,1403.0,0.0,0.0,0.0,0.0,0.0,0.0,0.0,0.0,0.0,0.0,0.0,0.0,0.0,0.0,0.0
C3311,16,000,State - TRIPURA,Urban,14.0,15034.0,7670.0,7364.0,13705.0,6958.0,6747.0,56.0,31.0,25.0,13649.0,6927.0,6722.0,88.0,50.0,38.0,293.0,148.0,145.0,5129.0,2695.0,2434.0,8131.0,4030.0,4101.0,0.0,0.0,0.0,0.0,0.0,0.0,0.0,0.0,0.0,0.0,0.0,0.0,0.0,0.0,0.0
C3311,16,000,State - TRIPURA,Urban,15.0,15377.0,7822.0,7555.0,13294.0,6713.0,6581.0,47.0,24.0,23.0,13247.0,6689.0,6558.0,80.0,33.0,47.0,198.0,103.0,95.0,2439.0,1331.0,1108.0,9024.0,4484.0,4540.0,1491.0,733.0,758.0,0.0,0.0,0.0,0.0,0.0,0.0,0.0,0.0,0.0,0.0,0.0,0.0
C3311,16,000,State - TRIPURA,Urban,16.0,16189.0,8235.0,7954.0,13133.0,6635.0,6498.0,42.0,20.0,22.0,13091.0,6615.0,6476.0,73.0,36.0,37.0,151.0,81.0,70.0,1427.0,747.0,680.0,7246.0,3621.0,3625.0,4181.0,2123.0,2058.0,0.0,0.0,0.0,0.0,0.0,0.0,0.0,0.0,0.0,0.0,0.0,0.0
C3311,16,000,State - TRIPURA,Urban,17.0,16059.0,8192.0,7867.0,11653.0,6018.0,5635.0,40.0,20.0,20.0,11613.0,5998.0,5615.0,73.0,39.0,34.0,131.0,82.0,49.0,831.0,447.0,384.0,4041.0,2062.0,1979.0,6521.0,3362.0,3159.0,0.0,0.0,0.0,0.0,0.0,0.0,0.0,0.0,0.0,0.0,0.0,0.0
C3311,16,000,State - TRIPURA,Urban,18.0,17766.0,8938.0,8828.0,10570.0,5652.0,4918.0,53.0,32.0,21.0,10517.0,5620.0,4897.0,74.0,40.0,34.0,136.0,72.0,64.0,564.0,291.0,273.0,2500.0,1346.0,1154.0,3075.0,1623.0,1452.0,4047.0,2174.0,1873.0,10.0,5.0,5.0,94.0,62.0,32.0,0.0,0.0,0.0
C3311,16,000,State - TRIPURA,Urban,19.0,17550.0,8572.0,8978.0,9379.0,4984.0,4395.0,43.0,27.0,16.0,9336.0,4957.0,4379.0,81.0,39.0,42.0,150.0,79.0,71.0,362.0,167.0,195.0,1644.0,873.0,771.0,1711.0,949.0,762.0,5185.0,2732.0,2453.0,12.0,5.0,7.0,171.0,102.0,69.0,0.0,0.0,0.0
C3311,16,000,State - TRIPURA,Urban,20-24,92301.0,45313.0,46988.0,25884.0,14119.0,11765.0,168.0,85.0,83.0,25716.0,14034.0,11682.0,381.0,185.0,196.0,549.0,293.0,256.0,1085.0,583.0,502.0,2474.0,1320.0,1154.0,2410.0,1357.0,1053.0,13382.0,7407.0,5975.0,51.0,37.0,14.0,712.0,444.0,268.0,4580.0,2362.0,2218.0
C3311,16,000,State - TRIPURA,Urban,25-29,91289.0,45670.0,45619.0,3333.0,1823.0,1510.0,91.0,45.0,46.0,3242.0,1778.0,1464.0,304.0,94.0,210.0,61.0,21.0,40.0,10.0,5.0,5.0,23.0,14.0,9.0,4.0,1.0,3.0,899.0,541.0,358.0,3.0,1.0,2.0,127.0,85.0,42.0,1749.0,992.0,757.0
C3311,16,000,State - TRIPURA,Urban,30-34,82121.0,41500.0,40621.0,1306.0,636.0,670.0,87.0,34.0,53.0,1219.0,602.0,617.0,321.0,91.0,230.0,66.0,9.0,57.0,8.0,1.0,7.0,10.0,8.0,2.0,3.0,1.0,2.0,176.0,123.0,53.0,5.0,4.0,1.0,36.0,29.0,7.0,563.0,327.0,236.0
C3311,16,000,State - TRIPURA,Urban,35-59,317892.0,164375.0,153517.0,6154.0,2551.0,3603.0,578.0,213.0,365.0,5576.0,2338.0,3238.0,2813.0,889.0,1924.0,609.0,179.0,430.0,49.0,21.0,28.0,40.0,24.0,16.0,16.0,12.0,4.0,136.0,81.0,55.0,4.0,4.0,0.0,60.0,56.0,4.0,1569.0,975.0,594.0
C3311,16,000,State - TRIPURA,Urban,60+,83781.0,40577.0,43204.0,2298.0,886.0,1412.0,277.0,103.0,174.0,2021.0,783.0,1238.0,1119.0,375.0,744.0,360.0,92.0,268.0,36.0,9.0,27.0,14.0,7.0,7.0,4.0,2.0,2.0,59.0,34.0,25.0,2.0,2.0,0.0,12.0,12.0,0.0,278.0,212.0,66.0
C3311,16,000,State - TRIPURA,Urban,Age not stated,581.0,299.0,282.0,26.0,13.0,13.0,10.0,4.0,6.0,16.0,9.0,7.0,0.0,0.0,0.0,1.0,1.0,0.0,0.0,0.0,0.0,1.0,0.0,1.0,0.0,0.0,0.0,5.0,1.0,4.0,1.0,0.0,1.0,0.0,0.0,0.0,5.0,4.0,1.0
C3311,16,289,District - West Tripura ,Total,All ages,1725739.0,879428.0,846311.0,445030.0,229596.0,215434.0,42512.0,21233.0,21279.0,402518.0,208363.0,194155.0,17235.0,6750.0,10485.0,117860.0,60218.0,57642.0,104423.0,53379.0,51044.0,79248.0,40774.0,38474.0,35158.0,19147.0,16011.0,33556.0,19576.0,13980.0,101.0,65.0,36.0,1245.0,819.0,426.0,10950.0,6452.0,4498.0
C3311,16,289,District - West Tripura ,Total,0-4,133764.0,68518.0,65246.0,10174.0,5264.0,4910.0,10174.0,5264.0,4910.0,0.0,0.0,0.0,0.0,0.0,0.0,0.0,0.0,0.0,0.0,0.0,0.0,0.0,0.0,0.0,0.0,0.0,0.0,0.0,0.0,0.0,0.0,0.0,0.0,0.0,0.0,0.0,0.0,0.0,0.0
C3311,16,289,District - West Tripura ,Total,5.0,29129.0,14842.0,14287.0,8733.0,4462.0,4271.0,8733.0,4462.0,4271.0,0.0,0.0,0.0,0.0,0.0,0.0,0.0,0.0,0.0,0.0,0.0,0.0,0.0,0.0,0.0,0.0,0.0,0.0,0.0,0.0,0.0,0.0,0.0,0.0,0.0,0.0,0.0,0.0,0.0,0.0
C3311,16,289,District - West Tripura ,Total,6.0,27957.0,14427.0,13530.0,14563.0,7486.0,7077.0,14563.0,7486.0,7077.0,0.0,0.0,0.0,0.0,0.0,0.0,0.0,0.0,0.0,0.0,0.0,0.0,0.0,0.0,0.0,0.0,0.0,0.0,0.0,0.0,0.0,0.0,0.0,0.0,0.0,0.0,0.0,0.0,0.0,0.0
C3311,16,289,District - West Tripura ,Total,7.0,28080.0,14256.0,13824.0,24634.0,12540.0,12094.0,1971.0,994.0,977.0,22663.0,11546.0,11117.0,173.0,89.0,84.0,22390.0,11407.0,10983.0,0.0,0.0,0.0,0.0,0.0,0.0,0.0,0.0,0.0,0.0,0.0,0.0,0.0,0.0,0.0,0.0,0.0,0.0,0.0,0.0,0.0
C3311,16,289,District - West Tripura ,Total,8.0,28786.0,14849.0,13937.0,27198.0,14021.0,13177.0,601.0,307.0,294.0,26597.0,13714.0,12883.0,123.0,72.0,51.0,26440.0,13619.0,12821.0,0.0,0.0,0.0,0.0,0.0,0.0,0.0,0.0,0.0,0.0,0.0,0.0,0.0,0.0,0.0,0.0,0.0,0.0,0.0,0.0,0.0
C3311,16,289,District - West Tripura ,Total,9.0,28739.0,14516.0,14223.0,27513.0,13891.0,13622.0,347.0,180.0,167.0,27166.0,13711.0,13455.0,93.0,47.0,46.0,25367.0,12859.0,12508.0,1683.0,795.0,888.0,0.0,0.0,0.0,0.0,0.0,0.0,0.0,0.0,0.0,0.0,0.0,0.0,0.0,0.0,0.0,0.0,0.0,0.0
C3311,16,289,District - West Tripura ,Total,10.0,31493.0,16197.0,15296.0,29753.0,15319.0,14434.0,291.0,145.0,146.0,29462.0,15174.0,14288.0,109.0,61.0,48.0,21801.0,11377.0,10424.0,7522.0,3720.0,3802.0,0.0,0.0,0.0,0.0,0.0,0.0,0.0,0.0,0.0,0.0,0.0,0.0,0.0,0.0,0.0,0.0,0.0,0.0
C3311,16,289,District - West Tripura ,Total,11.0,30818.0,15651.0,15167.0,29403.0,14939.0,14464.0,191.0,97.0,94.0,29212.0,14842.0,14370.0,131.0,67.0,64.0,9460.0,4872.0,4588.0,19595.0,9887.0,9708.0,0.0,0.0,0.0,0.0,0.0,0.0,0.0,0.0,0.0,0.0,0.0,0.0,0.0,0.0,0.0,0.0,0.0,0.0
C3311,16,289,District - West Tripura ,Total,12.0,31818.0,16306.0,15512.0,29861.0,15295.0,14566.0,162.0,86.0,76.0,29699.0,15209.0,14490.0,110.0,59.0,51.0,3485.0,1875.0,1610.0,24553.0,12486.0,12067.0,1518.0,777.0,741.0,0.0,0.0,0.0,0.0,0.0,0.0,0.0,0.0,0.0,0.0,0.0,0.0,0.0,0.0,0.0
C3311,16,289,District - West Tripura ,Total,13.0,30128.0,15335.0,14793.0,28113.0,14296.0,13817.0,128.0,74.0,54.0,27985.0,14222.0,13763.0,105.0,62.0,43.0,1457.0,783.0,674.0,20862.0,10628.0,10234.0,5535.0,2740.0,2795.0,0.0,0.0,0.0,0.0,0.0,0.0,0.0,0.0,0.0,0.0,0.0,0.0,0.0,0.0,0.0
C3311,16,289,District - West Tripura ,Total,14.0,31193.0,15955.0,15238.0,28069.0,14303.0,13766.0,152.0,77.0,75.0,27917.0,14226.0,13691.0,127.0,59.0,68.0,809.0,450.0,359.0,12294.0,6351.0,5943.0,14663.0,7355.0,7308.0,0.0,0.0,0.0,0.0,0.0,0.0,0.0,0.0,0.0,0.0,0.0,0.0,0.0,0.0,0.0
C3311,16,289,District - West Tripura ,Total,15.0,32316.0,16414.0,15902.0,27154.0,13747.0,13407.0,130.0,66.0,64.0,27024.0,13681.0,13343.0,133.0,64.0,69.0,567.0,312.0,255.0,6245.0,3360.0,2885.0,17182.0,8506.0,8676.0,2862.0,1425.0,1437.0,0.0,0.0,0.0,0.0,0.0,0.0,0.0,0.0,0.0,0.0,0.0,0.0
C3311,16,289,District - West Tripura ,Total,16.0,33250.0,17107.0,16143.0,25873.0,13349.0,12524.0,108.0,55.0,53.0,25765.0,13294.0,12471.0,152.0,76.0,76.0,436.0,248.0,188.0,3782.0,2004.0,1778.0,14483.0,7439.0,7044.0,6886.0,3516.0,3370.0,0.0,0.0,0.0,0.0,0.0,0.0,0.0,0.0,0.0,0.0,0.0,0.0
C3311,16,289,District - West Tripura ,Total,17.0,31613.0,16545.0,15068.0,21612.0,11500.0,10112.0,112.0,50.0,62.0,21500.0,11450.0,10050.0,122.0,60.0,62.0,346.0,188.0,158.0,2072.0,1119.0,953.0,9020.0,4728.0,4292.0,9911.0,5340.0,4571.0,0.0,0.0,0.0,0.0,0.0,0.0,0.0,0.0,0.0,0.0,0.0,0.0
C3311,16,289,District - West Tripura ,Total,18.0,36541.0,18304.0,18237.0,19396.0,10665.0,8731.0,130.0,56.0,74.0,19266.0,10609.0,8657.0,149.0,72.0,77.0,357.0,180.0,177.0,1514.0,823.0,691.0,6130.0,3352.0,2778.0,5468.0,3045.0,2423.0,5494.0,3048.0,2446.0,11.0,6.0,5.0,101.0,61.0,40.0,0.0,0.0,0.0
C3311,16,289,District - West Tripura ,Total,19.0,33366.0,16324.0,17042.0,15765.0,8781.0,6984.0,107.0,47.0,60.0,15658.0,8734.0,6924.0,135.0,67.0,68.0,347.0,198.0,149.0,1007.0,514.0,493.0,3787.0,2070.0,1717.0,3462.0,1973.0,1489.0,6713.0,3793.0,2920.0,16.0,6.0,10.0,156.0,93.0,63.0,0.0,0.0,0.0
C3311,16,289,District - West Tripura ,Total,20-24,176431.0,87398.0,89033.0,44896.0,25476.0,19420.0,414.0,179.0,235.0,44482.0,25297.0,19185.0,827.0,336.0,491.0,1472.0,753.0,719.0,3047.0,1576.0,1471.0,6765.0,3711.0,3054.0,6526.0,3816.0,2710.0,19379.0,11513.0,7866.0,56.0,40.0,16.0,713.0,453.0,260.0,5500.0,3008.0,2492.0
C3311,16,289,District - West Tripura ,Total,25-29,165002.0,83840.0,81162.0,5891.0,3147.0,2744.0,392.0,157.0,235.0,5499.0,2990.0,2509.0,1027.0,357.0,670.0,166.0,61.0,105.0,45.0,19.0,26.0,37.0,21.0,16.0,8.0,6.0,2.0,1457.0,894.0,563.0,5.0,2.0,3.0,144.0,97.0,47.0,2443.0,1458.0,985.0
C3311,16,289,District - West Tripura ,Total,30-34,140470.0,73022.0,67448.0,3105.0,1407.0,1698.0,357.0,136.0,221.0,2748.0,1271.0,1477.0,1141.0,358.0,783.0,218.0,65.0,153.0,28.0,15.0,13.0,20.0,14.0,6.0,7.0,5.0,2.0,270.0,181.0,89.0,4.0,3.0,1.0,47.0,38.0,9.0,842.0,533.0,309.0
C3311,16,289,District - West Tripura ,Total,35-59,500642.0,259554.0,241088.0,17133.0,6913.0,10220.0,2402.0,913.0,1489.0,14731.0,6000.0,8731.0,9236.0,3348.0,5888.0,1898.0,654.0,1244.0,117.0,50.0,67.0,86.0,50.0,36.0,23.0,18.0,5.0,171.0,104.0,67.0,5.0,5.0,0.0,69.0,62.0,7.0,1859.0,1219.0,640.0
C3311,16,289,District - West Tripura ,Total,60+,143244.0,69550.0,73694.0,6154.0,2775.0,3379.0,1034.0,395.0,639.0,5120.0,2380.0,2740.0,3341.0,1495.0,1846.0,843.0,316.0,527.0,56.0,31.0,25.0,22.0,11.0,11.0,5.0,3.0,2.0,66.0,42.0,24.0,3.0,3.0,0.0,15.0,15.0,0.0,295.0,227.0,68.0
C3311,16,289,District - West Tripura ,Total,Age not stated,959.0,518.0,441.0,37.0,20.0,17.0,13.0,7.0,6.0,24.0,13.0,11.0,1.0,1.0,0.0,1.0,1.0,0.0,1.0,1.0,0.0,0.0,0.0,0.0,0.0,0.0,0.0,6.0,1.0,5.0,1.0,0.0,1.0,0.0,0.0,0.0,11.0,7.0,4.0
C3311,16,289,District - West Tripura ,Rural,All ages,1048101.0,536720.0,511381.0,286156.0,148389.0,137767.0,28320.0,14018.0,14302.0,257836.0,134371.0,123465.0,13220.0,5307.0,7913.0,77312.0,39538.0,37774.0,70528.0,36173.0,34355.0,52208.0,27180.0,25028.0,21931.0,12223.0,9708.0,16237.0,10184.0,6053.0,27.0,18.0,9.0,293.0,218.0,75.0,3953.0,2590.0,1363.0
C3311,16,289,District - West Tripura ,Rural,0-4,89469.0,45758.0,43711.0,6073.0,3158.0,2915.0,6073.0,3158.0,2915.0,0.0,0.0,0.0,0.0,0.0,0.0,0.0,0.0,0.0,0.0,0.0,0.0,0.0,0.0,0.0,0.0,0.0,0.0,0.0,0.0,0.0,0.0,0.0,0.0,0.0,0.0,0.0,0.0,0.0,0.0
C3311,16,289,District - West Tripura ,Rural,5.0,19303.0,9808.0,9495.0,5502.0,2801.0,2701.0,5502.0,2801.0,2701.0,0.0,0.0,0.0,0.0,0.0,0.0,0.0,0.0,0.0,0.0,0.0,0.0,0.0,0.0,0.0,0.0,0.0,0.0,0.0,0.0,0.0,0.0,0.0,0.0,0.0,0.0,0.0,0.0,0.0,0.0
C3311,16,289,District - West Tripura ,Rural,6.0,18346.0,9456.0,8890.0,9577.0,4938.0,4639.0,9577.0,4938.0,4639.0,0.0,0.0,0.0,0.0,0.0,0.0,0.0,0.0,0.0,0.0,0.0,0.0,0.0,0.0,0.0,0.0,0.0,0.0,0.0,0.0,0.0,0.0,0.0,0.0,0.0,0.0,0.0,0.0,0.0,0.0
C3311,16,289,District - West Tripura ,Rural,7.0,18281.0,9298.0,8983.0,15788.0,8066.0,7722.0,1505.0,759.0,746.0,14283.0,7307.0,6976.0,112.0,55.0,57.0,14121.0,7225.0,6896.0,0.0,0.0,0.0,0.0,0.0,0.0,0.0,0.0,0.0,0.0,0.0,0.0,0.0,0.0,0.0,0.0,0.0,0.0,0.0,0.0,0.0
C3311,16,289,District - West Tripura ,Rural,8.0,18672.0,9633.0,9039.0,17485.0,9021.0,8464.0,513.0,258.0,255.0,16972.0,8763.0,8209.0,83.0,52.0,31.0,16858.0,8690.0,8168.0,0.0,0.0,0.0,0.0,0.0,0.0,0.0,0.0,0.0,0.0,0.0,0.0,0.0,0.0,0.0,0.0,0.0,0.0,0.0,0.0,0.0
C3311,16,289,District - West Tripura ,Rural,9.0,18673.0,9386.0,9287.0,17809.0,8949.0,8860.0,295.0,147.0,148.0,17514.0,8802.0,8712.0,55.0,26.0,29.0,16184.0,8179.0,8005.0,1257.0,588.0,669.0,0.0,0.0,0.0,0.0,0.0,0.0,0.0,0.0,0.0,0.0,0.0,0.0,0.0,0.0,0.0,0.0,0.0,0.0
C3311,16,289,District - West Tripura ,Rural,10.0,21028.0,10816.0,10212.0,19770.0,10210.0,9560.0,230.0,113.0,117.0,19540.0,10097.0,9443.0,64.0,38.0,26.0,14351.0,7497.0,6854.0,5102.0,2549.0,2553.0,0.0,0.0,0.0,0.0,0.0,0.0,0.0,0.0,0.0,0.0,0.0,0.0,0.0,0.0,0.0,0.0,0.0,0.0
C3311,16,289,District - West Tripura ,Rural,11.0,20286.0,10258.0,10028.0,19315.0,9764.0,9551.0,139.0,66.0,73.0,19176.0,9698.0,9478.0,88.0,49.0,39.0,6676.0,3388.0,3288.0,12394.0,6251.0,6143.0,0.0,0.0,0.0,0.0,0.0,0.0,0.0,0.0,0.0,0.0,0.0,0.0,0.0,0.0,0.0,0.0,0.0,0.0
C3311,16,289,District - West Tripura ,Rural,12.0,21544.0,11068.0,10476.0,20140.0,10347.0,9793.0,125.0,60.0,65.0,20015.0,10287.0,9728.0,72.0,37.0,35.0,2647.0,1432.0,1215.0,16147.0,8230.0,7917.0,1127.0,580.0,547.0,0.0,0.0,0.0,0.0,0.0,0.0,0.0,0.0,0.0,0.0,0.0,0.0,0.0,0.0,0.0
C3311,16,289,District - West Tripura ,Rural,13.0,20281.0,10382.0,9899.0,18871.0,9664.0,9207.0,98.0,56.0,42.0,18773.0,9608.0,9165.0,66.0,40.0,26.0,1092.0,576.0,516.0,13948.0,7183.0,6765.0,3649.0,1803.0,1846.0,0.0,0.0,0.0,0.0,0.0,0.0,0.0,0.0,0.0,0.0,0.0,0.0,0.0,0.0,0.0
C3311,16,289,District - West Tripura ,Rural,14.0,20690.0,10575.0,10115.0,18524.0,9446.0,9078.0,107.0,52.0,55.0,18417.0,9394.0,9023.0,82.0,33.0,49.0,615.0,355.0,260.0,8658.0,4415.0,4243.0,9042.0,4583.0,4459.0,0.0,0.0,0.0,0.0,0.0,0.0,0.0,0.0,0.0,0.0,0.0,0.0,0.0,0.0,0.0
C3311,16,289,District - West Tripura ,Rural,15.0,21494.0,10928.0,10566.0,17825.0,9069.0,8756.0,92.0,46.0,46.0,17733.0,9023.0,8710.0,84.0,38.0,46.0,419.0,235.0,184.0,4534.0,2434.0,2100.0,10839.0,5397.0,5442.0,1832.0,909.0,923.0,0.0,0.0,0.0,0.0,0.0,0.0,0.0,0.0,0.0,0.0,0.0,0.0
C3311,16,289,District - West Tripura ,Rural,16.0,21878.0,11310.0,10568.0,16674.0,8689.0,7985.0,80.0,45.0,35.0,16594.0,8644.0,7950.0,106.0,52.0,54.0,323.0,183.0,140.0,2730.0,1446.0,1284.0,9384.0,4873.0,4511.0,4031.0,2082.0,1949.0,0.0,0.0,0.0,0.0,0.0,0.0,0.0,0.0,0.0,0.0,0.0,0.0
C3311,16,289,District - West Tripura ,Rural,17.0,20415.0,10888.0,9527.0,13507.0,7366.0,6141.0,84.0,38.0,46.0,13423.0,7328.0,6095.0,78.0,34.0,44.0,251.0,129.0,122.0,1493.0,825.0,668.0,6133.0,3283.0,2850.0,5447.0,3047.0,2400.0,0.0,0.0,0.0,0.0,0.0,0.0,0.0,0.0,0.0,0.0,0.0,0.0
C3311,16,289,District - West Tripura ,Rural,18.0,23909.0,11967.0,11942.0,11878.0,6682.0,5196.0,89.0,31.0,58.0,11789.0,6651.0,5138.0,108.0,52.0,56.0,265.0,135.0,130.0,1109.0,620.0,489.0,4335.0,2396.0,1939.0,3371.0,1932.0,1439.0,2547.0,1485.0,1062.0,1.0,1.0,0.0,22.0,11.0,11.0,0.0,0.0,0.0
C3311,16,289,District - West Tripura ,Rural,19.0,20978.0,10313.0,10665.0,9135.0,5287.0,3848.0,76.0,27.0,49.0,9059.0,5260.0,3799.0,90.0,43.0,47.0,236.0,139.0,97.0,751.0,395.0,356.0,2634.0,1464.0,1170.0,2338.0,1352.0,986.0,2954.0,1832.0,1122.0,6.0,2.0,4.0,28.0,19.0,9.0,0.0,0.0,0.0
C3311,16,289,District - West Tripura ,Rural,20-24,111283.0,55426.0,55857.0,26009.0,15247.0,10762.0,283.0,111.0,172.0,25726.0,15136.0,10590.0,554.0,209.0,345.0,1039.0,523.0,516.0,2223.0,1146.0,1077.0,4964.0,2745.0,2219.0,4891.0,2883.0,2008.0,9710.0,6202.0,3508.0,15.0,11.0,4.0,167.0,125.0,42.0,2033.0,1237.0,796.0
C3311,16,289,District - West Tripura ,Rural,25-29,100207.0,51537.0,48670.0,3299.0,1758.0,1541.0,318.0,121.0,197.0,2981.0,1637.0,1344.0,822.0,291.0,531.0,111.0,43.0,68.0,36.0,14.0,22.0,18.0,10.0,8.0,6.0,5.0,1.0,799.0,511.0,288.0,2.0,1.0,1.0,41.0,33.0,8.0,1034.0,676.0,358.0
C3311,16,289,District - West Tripura ,Rural,30-34,82217.0,43621.0,38596.0,2077.0,905.0,1172.0,289.0,110.0,179.0,1788.0,795.0,993.0,913.0,290.0,623.0,166.0,58.0,108.0,24.0,14.0,10.0,12.0,7.0,5.0,5.0,4.0,1.0,134.0,89.0,45.0,1.0,1.0,0.0,15.0,13.0,2.0,374.0,269.0,105.0
C3311,16,289,District - West Tripura ,Rural,35-59,275059.0,143176.0,131883.0,12436.0,4921.0,7515.0,2008.0,761.0,1247.0,10428.0,4160.0,6268.0,7265.0,2723.0,4542.0,1405.0,511.0,894.0,83.0,36.0,47.0,59.0,33.0,26.0,9.0,8.0,1.0,75.0,52.0,23.0,1.0,1.0,0.0,16.0,13.0,3.0,468.0,371.0,97.0
C3311,16,289,District - West Tripura ,Rural,60+,83579.0,40829.0,42750.0,4447.0,2092.0,2355.0,833.0,317.0,516.0,3614.0,1775.0,1839.0,2577.0,1244.0,1333.0,553.0,240.0,313.0,38.0,26.0,12.0,12.0,6.0,6.0,1.0,1.0,0.0,16.0,12.0,4.0,1.0,1.0,0.0,4.0,4.0,0.0,38.0,34.0,4.0
C3311,16,289,District - West Tripura ,Rural,Age not stated,509.0,287.0,222.0,15.0,9.0,6.0,4.0,3.0,1.0,11.0,6.0,5.0,1.0,1.0,0.0,0.0,0.0,0.0,1.0,1.0,0.0,0.0,0.0,0.0,0.0,0.0,0.0,2.0,1.0,1.0,0.0,0.0,0.0,0.0,0.0,0.0,6.0,3.0,3.0
C3311,16,289,District - West Tripura ,Urban,All ages,677638.0,342708.0,334930.0,158874.0,81207.0,77667.0,14192.0,7215.0,6977.0,144682.0,73992.0,70690.0,4015.0,1443.0,2572.0,40548.0,20680.0,19868.0,33895.0,17206.0,16689.0,27040.0,13594.0,13446.0,13227.0,6924.0,6303.0,17319.0,9392.0,7927.0,74.0,47.0,27.0,952.0,601.0,351.0,6997.0,3862.0,3135.0
C3311,16,289,District - West Tripura ,Urban,0-4,44295.0,22760.0,21535.0,4101.0,2106.0,1995.0,4101.0,2106.0,1995.0,0.0,0.0,0.0,0.0,0.0,0.0,0.0,0.0,0.0,0.0,0.0,0.0,0.0,0.0,0.0,0.0,0.0,0.0,0.0,0.0,0.0,0.0,0.0,0.0,0.0,0.0,0.0,0.0,0.0,0.0
C3311,16,289,District - West Tripura ,Urban,5.0,9826.0,5034.0,4792.0,3231.0,1661.0,1570.0,3231.0,1661.0,1570.0,0.0,0.0,0.0,0.0,0.0,0.0,0.0,0.0,0.0,0.0,0.0,0.0,0.0,0.0,0.0,0.0,0.0,0.0,0.0,0.0,0.0,0.0,0.0,0.0,0.0,0.0,0.0,0.0,0.0,0.0
C3311,16,289,District - West Tripura ,Urban,6.0,9611.0,4971.0,4640.0,4986.0,2548.0,2438.0,4986.0,2548.0,2438.0,0.0,0.0,0.0,0.0,0.0,0.0,0.0,0.0,0.0,0.0,0.0,0.0,0.0,0.0,0.0,0.0,0.0,0.0,0.0,0.0,0.0,0.0,0.0,0.0,0.0,0.0,0.0,0.0,0.0,0.0
C3311,16,289,District - West Tripura ,Urban,7.0,9799.0,4958.0,4841.0,8846.0,4474.0,4372.0,466.0,235.0,231.0,8380.0,4239.0,4141.0,61.0,34.0,27.0,8269.0,4182.0,4087.0,0.0,0.0,0.0,0.0,0.0,0.0,0.0,0.0,0.0,0.0,0.0,0.0,0.0,0.0,0.0,0.0,0.0,0.0,0.0,0.0,0.0
C3311,16,289,District - West Tripura ,Urban,8.0,10114.0,5216.0,4898.0,9713.0,5000.0,4713.0,88.0,49.0,39.0,9625.0,4951.0,4674.0,40.0,20.0,20.0,9582.0,4929.0,4653.0,0.0,0.0,0.0,0.0,0.0,0.0,0.0,0.0,0.0,0.0,0.0,0.0,0.0,0.0,0.0,0.0,0.0,0.0,0.0,0.0,0.0
C3311,16,289,District - West Tripura ,Urban,9.0,10066.0,5130.0,4936.0,9704.0,4942.0,4762.0,52.0,33.0,19.0,9652.0,4909.0,4743.0,38.0,21.0,17.0,9183.0,4680.0,4503.0,426.0,207.0,219.0,0.0,0.0,0.0,0.0,0.0,0.0,0.0,0.0,0.0,0.0,0.0,0.0,0.0,0.0,0.0,0.0,0.0,0.0
C3311,16,289,District - West Tripura ,Urban,10.0,10465.0,5381.0,5084.0,9983.0,5109.0,4874.0,61.0,32.0,29.0,9922.0,5077.0,4845.0,45.0,23.0,22.0,7450.0,3880.0,3570.0,2420.0,1171.0,1249.0,0.0,0.0,0.0,0.0,0.0,0.0,0.0,0.0,0.0,0.0,0.0,0.0,0.0,0.0,0.0,0.0,0.0,0.0
C3311,16,289,District - West Tripura ,Urban,11.0,10532.0,5393.0,5139.0,10088.0,5175.0,4913.0,52.0,31.0,21.0,10036.0,5144.0,4892.0,43.0,18.0,25.0,2784.0,1484.0,1300.0,7201.0,3636.0,3565.0,0.0,0.0,0.0,0.0,0.0,0.0,0.0,0.0,0.0,0.0,0.0,0.0,0.0,0.0,0.0,0.0,0.0,0.0
C3311,16,289,District - West Tripura ,Urban,12.0,10274.0,5238.0,5036.0,9721.0,4948.0,4773.0,37.0,26.0,11.0,9684.0,4922.0,4762.0,38.0,22.0,16.0,838.0,443.0,395.0,8406.0,4256.0,4150.0,391.0,197.0,194.0,0.0,0.0,0.0,0.0,0.0,0.0,0.0,0.0,0.0,0.0,0.0,0.0,0.0,0.0,0.0
C3311,16,289,District - West Tripura ,Urban,13.0,9847.0,4953.0,4894.0,9242.0,4632.0,4610.0,30.0,18.0,12.0,9212.0,4614.0,4598.0,39.0,22.0,17.0,365.0,207.0,158.0,6914.0,3445.0,3469.0,1886.0,937.0,949.0,0.0,0.0,0.0,0.0,0.0,0.0,0.0,0.0,0.0,0.0,0.0,0.0,0.0,0.0,0.0
C3311,16,289,District - West Tripura ,Urban,14.0,10503.0,5380.0,5123.0,9545.0,4857.0,4688.0,45.0,25.0,20.0,9500.0,4832.0,4668.0,45.0,26.0,19.0,194.0,95.0,99.0,3636.0,1936.0,1700.0,5621.0,2772.0,2849.0,0.0,0.0,0.0,0.0,0.0,0.0,0.0,0.0,0.0,0.0,0.0,0.0,0.0,0.0,0.0
C3311,16,289,District - West Tripura ,Urban,15.0,10822.0,5486.0,5336.0,9329.0,4678.0,4651.0,38.0,20.0,18.0,9291.0,4658.0,4633.0,49.0,26.0,23.0,148.0,77.0,71.0,1711.0,926.0,785.0,6343.0,3109.0,3234.0,1030.0,516.0,514.0,0.0,0.0,0.0,0.0,0.0,0.0,0.0,0.0,0.0,0.0,0.0,0.0
C3311,16,289,District - West Tripura ,Urban,16.0,11372.0,5797.0,5575.0,9199.0,4660.0,4539.0,28.0,10.0,18.0,9171.0,4650.0,4521.0,46.0,24.0,22.0,113.0,65.0,48.0,1052.0,558.0,494.0,5099.0,2566.0,2533.0,2855.0,1434.0,1421.0,0.0,0.0,0.0,0.0,0.0,0.0,0.0,0.0,0.0,0.0,0.0,0.0
C3311,16,289,District - West Tripura ,Urban,17.0,11198.0,5657.0,5541.0,8105.0,4134.0,3971.0,28.0,12.0,16.0,8077.0,4122.0,3955.0,44.0,26.0,18.0,95.0,59.0,36.0,579.0,294.0,285.0,2887.0,1445.0,1442.0,4464.0,2293.0,2171.0,0.0,0.0,0.0,0.0,0.0,0.0,0.0,0.0,0.0,0.0,0.0,0.0
C3311,16,289,District - West Tripura ,Urban,18.0,12632.0,6337.0,6295.0,7518.0,3983.0,3535.0,41.0,25.0,16.0,7477.0,3958.0,3519.0,41.0,20.0,21.0,92.0,45.0,47.0,405.0,203.0,202.0,1795.0,956.0,839.0,2097.0,1113.0,984.0,2947.0,1563.0,1384.0,10.0,5.0,5.0,79.0,50.0,29.0,0.0,0.0,0.0
C3311,16,289,District - West Tripura ,Urban,19.0,12388.0,6011.0,6377.0,6630.0,3494.0,3136.0,31.0,20.0,11.0,6599.0,3474.0,3125.0,45.0,24.0,21.0,111.0,59.0,52.0,256.0,119.0,137.0,1153.0,606.0,547.0,1124.0,621.0,503.0,3759.0,1961.0,1798.0,10.0,4.0,6.0,128.0,74.0,54.0,0.0,0.0,0.0
C3311,16,289,District - West Tripura ,Urban,20-24,65148.0,31972.0,33176.0,18887.0,10229.0,8658.0,131.0,68.0,63.0,18756.0,10161.0,8595.0,273.0,127.0,146.0,433.0,230.0,203.0,824.0,430.0,394.0,1801.0,966.0,835.0,1635.0,933.0,702.0,9669.0,5311.0,4358.0,41.0,29.0,12.0,546.0,328.0,218.0,3467.0,1771.0,1696.0
C3311,16,289,District - West Tripura ,Urban,25-29,64795.0,32303.0,32492.0,2592.0,1389.0,1203.0,74.0,36.0,38.0,2518.0,1353.0,1165.0,205.0,66.0,139.0,55.0,18.0,37.0,9.0,5.0,4.0,19.0,11.0,8.0,2.0,1.0,1.0,658.0,383.0,275.0,3.0,1.0,2.0,103.0,64.0,39.0,1409.0,782.0,627.0
C3311,16,289,District - West Tripura ,Urban,30-34,58253.0,29401.0,28852.0,1028.0,502.0,526.0,68.0,26.0,42.0,960.0,476.0,484.0,228.0,68.0,160.0,52.0,7.0,45.0,4.0,1.0,3.0,8.0,7.0,1.0,2.0,1.0,1.0,136.0,92.0,44.0,3.0,2.0,1.0,32.0,25.0,7.0,468.0,264.0,204.0
C3311,16,289,District - West Tripura ,Urban,35-59,225583.0,116378.0,109205.0,4697.0,1992.0,2705.0,394.0,152.0,242.0,4303.0,1840.0,2463.0,1971.0,625.0,1346.0,493.0,143.0,350.0,34.0,14.0,20.0,27.0,17.0,10.0,14.0,10.0,4.0,96.0,52.0,44.0,4.0,4.0,0.0,53.0,49.0,4.0,1391.0,848.0,543.0
C3311,16,289,District - West Tripura ,Urban,60+,59665.0,28721.0,30944.0,1707.0,683.0,1024.0,201.0,78.0,123.0,1506.0,605.0,901.0,764.0,251.0,513.0,290.0,76.0,214.0,18.0,5.0,13.0,10.0,5.0,5.0,4.0,2.0,2.0,50.0,30.0,20.0,2.0,2.0,0.0,11.0,11.0,0.0,257.0,193.0,64.0
C3311,16,289,District - West Tripura ,Urban,Age not stated,450.0,231.0,219.0,22.0,11.0,11.0,9.0,4.0,5.0,13.0,7.0,6.0,0.0,0.0,0.0,1.0,1.0,0.0,0.0,0.0,0.0,0.0,0.0,0.0,0.0,0.0,0.0,4.0,0.0,4.0,1.0,0.0,1.0,0.0,0.0,0.0,5.0,4.0,1.0
C3311,16,290,District - South Tripura ,Total,All ages,876001.0,447544.0,428457.0,234897.0,123643.0,111254.0,26333.0,13465.0,12868.0,208564.0,110178.0,98386.0,9485.0,3697.0,5788.0,72499.0,37129.0,35370.0,58185.0,30213.0,27972.0,38392.0,20601.0,17791.0,13369.0,7859.0,5510.0,12004.0,7879.0,4125.0,20.0,15.0,5.0,275.0,205.0,70.0,2370.0,1691.0,679.0
C3311,16,290,District - South Tripura ,Total,0-4,78447.0,40130.0,38317.0,6366.0,3301.0,3065.0,6366.0,3301.0,3065.0,0.0,0.0,0.0,0.0,0.0,0.0,0.0,0.0,0.0,0.0,0.0,0.0,0.0,0.0,0.0,0.0,0.0,0.0,0.0,0.0,0.0,0.0,0.0,0.0,0.0,0.0,0.0,0.0,0.0,0.0
C3311,16,290,District - South Tripura ,Total,5.0,16943.0,8672.0,8271.0,5795.0,2960.0,2835.0,5795.0,2960.0,2835.0,0.0,0.0,0.0,0.0,0.0,0.0,0.0,0.0,0.0,0.0,0.0,0.0,0.0,0.0,0.0,0.0,0.0,0.0,0.0,0.0,0.0,0.0,0.0,0.0,0.0,0.0,0.0,0.0,0.0,0.0
C3311,16,290,District - South Tripura ,Total,6.0,16559.0,8580.0,7979.0,9524.0,4983.0,4541.0,9524.0,4983.0,4541.0,0.0,0.0,0.0,0.0,0.0,0.0,0.0,0.0,0.0,0.0,0.0,0.0,0.0,0.0,0.0,0.0,0.0,0.0,0.0,0.0,0.0,0.0,0.0,0.0,0.0,0.0,0.0,0.0,0.0,0.0
C3311,16,290,District - South Tripura ,Total,7.0,16261.0,8425.0,7836.0,14363.0,7433.0,6930.0,1282.0,679.0,603.0,13081.0,6754.0,6327.0,68.0,34.0,34.0,12934.0,6678.0,6256.0,0.0,0.0,0.0,0.0,0.0,0.0,0.0,0.0,0.0,0.0,0.0,0.0,0.0,0.0,0.0,0.0,0.0,0.0,0.0,0.0,0.0
C3311,16,290,District - South Tripura ,Total,8.0,17256.0,8736.0,8520.0,16275.0,8250.0,8025.0,475.0,227.0,248.0,15800.0,8023.0,7777.0,63.0,34.0,29.0,15713.0,7974.0,7739.0,0.0,0.0,0.0,0.0,0.0,0.0,0.0,0.0,0.0,0.0,0.0,0.0,0.0,0.0,0.0,0.0,0.0,0.0,0.0,0.0,0.0
C3311,16,290,District - South Tripura ,Total,9.0,16754.0,8505.0,8249.0,16004.0,8148.0,7856.0,250.0,120.0,130.0,15754.0,8028.0,7726.0,63.0,29.0,34.0,15001.0,7640.0,7361.0,662.0,342.0,320.0,0.0,0.0,0.0,0.0,0.0,0.0,0.0,0.0,0.0,0.0,0.0,0.0,0.0,0.0,0.0,0.0,0.0,0.0
C3311,16,290,District - South Tripura ,Total,10.0,18949.0,9741.0,9208.0,17920.0,9234.0,8686.0,235.0,111.0,124.0,17685.0,9123.0,8562.0,58.0,35.0,23.0,14246.0,7361.0,6885.0,3360.0,1716.0,1644.0,0.0,0.0,0.0,0.0,0.0,0.0,0.0,0.0,0.0,0.0,0.0,0.0,0.0,0.0,0.0,0.0,0.0,0.0
C3311,16,290,District - South Tripura ,Total,11.0,17032.0,8793.0,8239.0,16245.0,8402.0,7843.0,136.0,75.0,61.0,16109.0,8327.0,7782.0,56.0,28.0,28.0,6731.0,3545.0,3186.0,9298.0,4737.0,4561.0,0.0,0.0,0.0,0.0,0.0,0.0,0.0,0.0,0.0,0.0,0.0,0.0,0.0,0.0,0.0,0.0,0.0,0.0
C3311,16,290,District - South Tripura ,Total,12.0,18602.0,9502.0,9100.0,17518.0,9026.0,8492.0,125.0,60.0,65.0,17393.0,8966.0,8427.0,62.0,29.0,33.0,3022.0,1582.0,1440.0,13747.0,7075.0,6672.0,536.0,262.0,274.0,0.0,0.0,0.0,0.0,0.0,0.0,0.0,0.0,0.0,0.0,0.0,0.0,0.0,0.0,0.0
C3311,16,290,District - South Tripura ,Total,13.0,17593.0,8951.0,8642.0,16484.0,8428.0,8056.0,96.0,51.0,45.0,16388.0,8377.0,8011.0,54.0,28.0,26.0,1303.0,659.0,644.0,12821.0,6575.0,6246.0,2186.0,1098.0,1088.0,0.0,0.0,0.0,0.0,0.0,0.0,0.0,0.0,0.0,0.0,0.0,0.0,0.0,0.0,0.0
C3311,16,290,District - South Tripura ,Total,14.0,17177.0,8797.0,8380.0,15433.0,8034.0,7399.0,67.0,41.0,26.0,15366.0,7993.0,7373.0,65.0,34.0,31.0,711.0,386.0,325.0,7854.0,4119.0,3735.0,6724.0,3449.0,3275.0,0.0,0.0,0.0,0.0,0.0,0.0,0.0,0.0,0.0,0.0,0.0,0.0,0.0,0.0,0.0
C3311,16,290,District - South Tripura ,Total,15.0,17212.0,8847.0,8365.0,14340.0,7520.0,6820.0,69.0,31.0,38.0,14271.0,7489.0,6782.0,71.0,29.0,42.0,418.0,207.0,211.0,4229.0,2301.0,1928.0,8629.0,4497.0,4132.0,911.0,446.0,465.0,0.0,0.0,0.0,0.0,0.0,0.0,0.0,0.0,0.0,0.0,0.0,0.0
C3311,16,290,District - South Tripura ,Total,16.0,17227.0,8953.0,8274.0,13131.0,6957.0,6174.0,65.0,31.0,34.0,13066.0,6926.0,6140.0,62.0,22.0,40.0,262.0,136.0,126.0,2337.0,1258.0,1079.0,7798.0,4091.0,3707.0,2585.0,1405.0,1180.0,0.0,0.0,0.0,0.0,0.0,0.0,0.0,0.0,0.0,0.0,0.0,0.0
C3311,16,290,District - South Tripura ,Total,17.0,15804.0,8442.0,7362.0,10197.0,5805.0,4392.0,52.0,34.0,18.0,10145.0,5771.0,4374.0,57.0,18.0,39.0,168.0,87.0,81.0,1224.0,698.0,526.0,4746.0,2682.0,2064.0,3934.0,2278.0,1656.0,0.0,0.0,0.0,0.0,0.0,0.0,0.0,0.0,0.0,0.0,0.0,0.0
C3311,16,290,District - South Tripura ,Total,18.0,17848.0,8750.0,9098.0,8427.0,4925.0,3502.0,50.0,24.0,26.0,8377.0,4901.0,3476.0,69.0,24.0,45.0,183.0,96.0,87.0,760.0,415.0,345.0,3090.0,1787.0,1303.0,2193.0,1314.0,879.0,2052.0,1246.0,806.0,0.0,0.0,0.0,18.0,15.0,3.0,0.0,0.0,0.0
C3311,16,290,District - South Tripura ,Total,19.0,16692.0,7878.0,8814.0,6487.0,3858.0,2629.0,33.0,16.0,17.0,6454.0,3842.0,2612.0,58.0,22.0,36.0,182.0,88.0,94.0,496.0,256.0,240.0,1811.0,1068.0,743.0,1448.0,913.0,535.0,2404.0,1466.0,938.0,3.0,2.0,1.0,39.0,25.0,14.0,0.0,0.0,0.0
C3311,16,290,District - South Tripura ,Total,20-24,87795.0,43132.0,44663.0,16250.0,10123.0,6127.0,160.0,78.0,82.0,16090.0,10045.0,6045.0,430.0,120.0,310.0,644.0,331.0,313.0,1326.0,683.0,643.0,2821.0,1636.0,1185.0,2281.0,1493.0,788.0,6913.0,4689.0,2224.0,12.0,9.0,3.0,182.0,134.0,48.0,1398.0,922.0,476.0
C3311,16,290,District - South Tripura ,Total,25-29,81407.0,41694.0,39713.0,1957.0,1080.0,877.0,144.0,60.0,84.0,1813.0,1020.0,793.0,639.0,220.0,419.0,59.0,18.0,41.0,7.0,2.0,5.0,9.0,5.0,4.0,3.0,1.0,2.0,435.0,318.0,117.0,2.0,1.0,1.0,24.0,20.0,4.0,516.0,390.0,126.0
C3311,16,290,District - South Tripura ,Total,30-34,67247.0,35231.0,32016.0,1285.0,578.0,707.0,141.0,74.0,67.0,1144.0,504.0,640.0,686.0,232.0,454.0,62.0,23.0,39.0,12.0,6.0,6.0,9.0,6.0,3.0,1.0,1.0,0.0,87.0,72.0,15.0,0.0,0.0,0.0,3.0,3.0,0.0,157.0,120.0,37.0
C3311,16,290,District - South Tripura ,Total,35-59,233722.0,122083.0,111639.0,7820.0,3158.0,4662.0,861.0,356.0,505.0,6959.0,2802.0,4157.0,5014.0,1841.0,3173.0,558.0,197.0,361.0,30.0,17.0,13.0,24.0,14.0,10.0,12.0,8.0,4.0,93.0,76.0,17.0,3.0,3.0,0.0,8.0,7.0,1.0,282.0,244.0,38.0
C3311,16,290,District - South Tripura ,Total,60+,69131.0,33533.0,35598.0,3070.0,1436.0,1634.0,404.0,151.0,253.0,2666.0,1285.0,1381.0,1910.0,918.0,992.0,302.0,121.0,181.0,22.0,13.0,9.0,8.0,6.0,2.0,1.0,0.0,1.0,19.0,11.0,8.0,0.0,0.0,0.0,1.0,1.0,0.0,16.0,14.0,2.0
C3311,16,290,District - South Tripura ,Total,Age not stated,343.0,169.0,174.0,6.0,4.0,2.0,3.0,2.0,1.0,3.0,2.0,1.0,0.0,0.0,0.0,0.0,0.0,0.0,0.0,0.0,0.0,1.0,0.0,1.0,0.0,0.0,0.0,1.0,1.0,0.0,0.0,0.0,0.0,0.0,0.0,0.0,1.0,1.0,0.0
C3311,16,290,District - South Tripura ,Rural,All ages,752970.0,384787.0,368183.0,207355.0,109255.0,98100.0,23492.0,11974.0,11518.0,183863.0,97281.0,86582.0,8783.0,3431.0,5352.0,65414.0,33471.0,31943.0,52043.0,27117.0,24926.0,33694.0,18196.0,15498.0,10966.0,6582.0,4384.0,9252.0,6227.0,3025.0,13.0,10.0,3.0,148.0,115.0,33.0,1705.0,1273.0,432.0
C3311,16,290,District - South Tripura ,Rural,0-4,70194.0,35836.0,34358.0,5583.0,2891.0,2692.0,5583.0,2891.0,2692.0,0.0,0.0,0.0,0.0,0.0,0.0,0.0,0.0,0.0,0.0,0.0,0.0,0.0,0.0,0.0,0.0,0.0,0.0,0.0,0.0,0.0,0.0,0.0,0.0,0.0,0.0,0.0,0.0,0.0,0.0
C3311,16,290,District - South Tripura ,Rural,5.0,15094.0,7732.0,7362.0,5128.0,2614.0,2514.0,5128.0,2614.0,2514.0,0.0,0.0,0.0,0.0,0.0,0.0,0.0,0.0,0.0,0.0,0.0,0.0,0.0,0.0,0.0,0.0,0.0,0.0,0.0,0.0,0.0,0.0,0.0,0.0,0.0,0.0,0.0,0.0,0.0,0.0
C3311,16,290,District - South Tripura ,Rural,6.0,14847.0,7672.0,7175.0,8502.0,4419.0,4083.0,8502.0,4419.0,4083.0,0.0,0.0,0.0,0.0,0.0,0.0,0.0,0.0,0.0,0.0,0.0,0.0,0.0,0.0,0.0,0.0,0.0,0.0,0.0,0.0,0.0,0.0,0.0,0.0,0.0,0.0,0.0,0.0,0.0,0.0
C3311,16,290,District - South Tripura ,Rural,7.0,14541.0,7559.0,6982.0,12771.0,6633.0,6138.0,1194.0,634.0,560.0,11577.0,5999.0,5578.0,40.0,20.0,20.0,11466.0,5939.0,5527.0,0.0,0.0,0.0,0.0,0.0,0.0,0.0,0.0,0.0,0.0,0.0,0.0,0.0,0.0,0.0,0.0,0.0,0.0,0.0,0.0,0.0
C3311,16,290,District - South Tripura ,Rural,8.0,15479.0,7826.0,7653.0,14567.0,7377.0,7190.0,458.0,218.0,240.0,14109.0,7159.0,6950.0,48.0,26.0,22.0,14038.0,7119.0,6919.0,0.0,0.0,0.0,0.0,0.0,0.0,0.0,0.0,0.0,0.0,0.0,0.0,0.0,0.0,0.0,0.0,0.0,0.0,0.0,0.0,0.0
C3311,16,290,District - South Tripura ,Rural,9.0,14901.0,7534.0,7367.0,14235.0,7218.0,7017.0,243.0,117.0,126.0,13992.0,7101.0,6891.0,33.0,13.0,20.0,13314.0,6754.0,6560.0,619.0,318.0,301.0,0.0,0.0,0.0,0.0,0.0,0.0,0.0,0.0,0.0,0.0,0.0,0.0,0.0,0.0,0.0,0.0,0.0,0.0
C3311,16,290,District - South Tripura ,Rural,10.0,16990.0,8733.0,8257.0,16049.0,8271.0,7778.0,225.0,103.0,122.0,15824.0,8168.0,7656.0,35.0,19.0,16.0,12818.0,6624.0,6194.0,2952.0,1514.0,1438.0,0.0,0.0,0.0,0.0,0.0,0.0,0.0,0.0,0.0,0.0,0.0,0.0,0.0,0.0,0.0,0.0,0.0,0.0
C3311,16,290,District - South Tripura ,Rural,11.0,15168.0,7822.0,7346.0,14472.0,7480.0,6992.0,130.0,72.0,58.0,14342.0,7408.0,6934.0,35.0,18.0,17.0,6274.0,3289.0,2985.0,8010.0,4084.0,3926.0,0.0,0.0,0.0,0.0,0.0,0.0,0.0,0.0,0.0,0.0,0.0,0.0,0.0,0.0,0.0,0.0,0.0,0.0
C3311,16,290,District - South Tripura ,Rural,12.0,16689.0,8512.0,8177.0,15705.0,8093.0,7612.0,120.0,56.0,64.0,15585.0,8037.0,7548.0,40.0,20.0,20.0,2888.0,1505.0,1383.0,12149.0,6251.0,5898.0,483.0,243.0,240.0,0.0,0.0,0.0,0.0,0.0,0.0,0.0,0.0,0.0,0.0,0.0,0.0,0.0,0.0,0.0
C3311,16,290,District - South Tripura ,Rural,13.0,15671.0,8008.0,7663.0,14670.0,7543.0,7127.0,87.0,42.0,45.0,14583.0,7501.0,7082.0,39.0,20.0,19.0,1248.0,629.0,619.0,11420.0,5894.0,5526.0,1853.0,942.0,911.0,0.0,0.0,0.0,0.0,0.0,0.0,0.0,0.0,0.0,0.0,0.0,0.0,0.0,0.0,0.0
C3311,16,290,District - South Tripura ,Rural,14.0,15260.0,7850.0,7410.0,13706.0,7180.0,6526.0,62.0,38.0,24.0,13644.0,7142.0,6502.0,40.0,20.0,20.0,682.0,369.0,313.0,7203.0,3799.0,3404.0,5708.0,2949.0,2759.0,0.0,0.0,0.0,0.0,0.0,0.0,0.0,0.0,0.0,0.0,0.0,0.0,0.0,0.0,0.0
C3311,16,290,District - South Tripura ,Rural,15.0,15347.0,7896.0,7451.0,12725.0,6682.0,6043.0,66.0,30.0,36.0,12659.0,6652.0,6007.0,53.0,25.0,28.0,404.0,198.0,206.0,3916.0,2137.0,1779.0,7527.0,3914.0,3613.0,748.0,370.0,378.0,0.0,0.0,0.0,0.0,0.0,0.0,0.0,0.0,0.0,0.0,0.0,0.0
C3311,16,290,District - South Tripura ,Rural,16.0,15109.0,7905.0,7204.0,11423.0,6120.0,5303.0,56.0,24.0,32.0,11367.0,6096.0,5271.0,42.0,14.0,28.0,253.0,132.0,121.0,2178.0,1186.0,992.0,6819.0,3624.0,3195.0,2054.0,1126.0,928.0,0.0,0.0,0.0,0.0,0.0,0.0,0.0,0.0,0.0,0.0,0.0,0.0
C3311,16,290,District - South Tripura ,Rural,17.0,13732.0,7365.0,6367.0,8729.0,5016.0,3713.0,46.0,29.0,17.0,8683.0,4987.0,3696.0,39.0,11.0,28.0,160.0,80.0,80.0,1135.0,645.0,490.0,4263.0,2415.0,1848.0,3074.0,1828.0,1246.0,0.0,0.0,0.0,0.0,0.0,0.0,0.0,0.0,0.0,0.0,0.0,0.0
C3311,16,290,District - South Tripura ,Rural,18.0,15671.0,7657.0,8014.0,7222.0,4255.0,2967.0,44.0,21.0,23.0,7178.0,4234.0,2944.0,58.0,19.0,39.0,175.0,92.0,83.0,702.0,381.0,321.0,2819.0,1634.0,1185.0,1809.0,1121.0,688.0,1592.0,974.0,618.0,0.0,0.0,0.0,12.0,10.0,2.0,0.0,0.0,0.0
C3311,16,290,District - South Tripura ,Rural,19.0,14410.0,6747.0,7663.0,5357.0,3216.0,2141.0,29.0,14.0,15.0,5328.0,3202.0,2126.0,40.0,15.0,25.0,169.0,82.0,87.0,456.0,237.0,219.0,1611.0,953.0,658.0,1236.0,788.0,448.0,1790.0,1116.0,674.0,1.0,1.0,0.0,14.0,8.0,6.0,0.0,0.0,0.0
C3311,16,290,District - South Tripura ,Rural,20-24,75867.0,37287.0,38580.0,13519.0,8502.0,5017.0,143.0,67.0,76.0,13376.0,8435.0,4941.0,390.0,95.0,295.0,618.0,314.0,304.0,1246.0,639.0,607.0,2571.0,1498.0,1073.0,2029.0,1340.0,689.0,5402.0,3783.0,1619.0,7.0,5.0,2.0,98.0,78.0,20.0,938.0,656.0,282.0
C3311,16,290,District - South Tripura ,Rural,25-29,69805.0,35715.0,34090.0,1694.0,904.0,790.0,134.0,55.0,79.0,1560.0,849.0,711.0,620.0,218.0,402.0,59.0,18.0,41.0,7.0,2.0,5.0,9.0,5.0,4.0,3.0,1.0,2.0,317.0,232.0,85.0,2.0,1.0,1.0,17.0,13.0,4.0,408.0,315.0,93.0
C3311,16,290,District - South Tripura ,Rural,30-34,56975.0,29989.0,26986.0,1188.0,523.0,665.0,130.0,69.0,61.0,1058.0,454.0,604.0,666.0,229.0,437.0,56.0,22.0,34.0,10.0,6.0,4.0,9.0,6.0,3.0,1.0,1.0,0.0,68.0,54.0,14.0,0.0,0.0,0.0,1.0,1.0,0.0,122.0,94.0,28.0
C3311,16,290,District - South Tripura ,Rural,35-59,192507.0,100700.0,91807.0,7261.0,2952.0,4309.0,745.0,323.0,422.0,6516.0,2629.0,3887.0,4749.0,1763.0,2986.0,525.0,191.0,334.0,27.0,14.0,13.0,17.0,9.0,8.0,11.0,7.0,4.0,68.0,58.0,10.0,3.0,3.0,0.0,6.0,5.0,1.0,224.0,197.0,27.0
C3311,16,290,District - South Tripura ,Rural,60+,58444.0,28306.0,30138.0,2846.0,1363.0,1483.0,365.0,136.0,229.0,2481.0,1227.0,1254.0,1816.0,886.0,930.0,267.0,114.0,153.0,13.0,10.0,3.0,5.0,4.0,1.0,1.0,0.0,1.0,15.0,10.0,5.0,0.0,0.0,0.0,0.0,0.0,0.0,12.0,10.0,2.0
C3311,16,290,District - South Tripura ,Rural,Age not stated,269.0,136.0,133.0,3.0,3.0,0.0,2.0,2.0,0.0,1.0,1.0,0.0,0.0,0.0,0.0,0.0,0.0,0.0,0.0,0.0,0.0,0.0,0.0,0.0,0.0,0.0,0.0,0.0,0.0,0.0,0.0,0.0,0.0,0.0,0.0,0.0,1.0,1.0,0.0
C3311,16,290,District - South Tripura ,Urban,All ages,123031.0,62757.0,60274.0,27542.0,14388.0,13154.0,2841.0,1491.0,1350.0,24701.0,12897.0,11804.0,702.0,266.0,436.0,7085.0,3658.0,3427.0,6142.0,3096.0,3046.0,4698.0,2405.0,2293.0,2403.0,1277.0,1126.0,2752.0,1652.0,1100.0,7.0,5.0,2.0,127.0,90.0,37.0,665.0,418.0,247.0
C3311,16,290,District - South Tripura ,Urban,0-4,8253.0,4294.0,3959.0,783.0,410.0,373.0,783.0,410.0,373.0,0.0,0.0,0.0,0.0,0.0,0.0,0.0,0.0,0.0,0.0,0.0,0.0,0.0,0.0,0.0,0.0,0.0,0.0,0.0,0.0,0.0,0.0,0.0,0.0,0.0,0.0,0.0,0.0,0.0,0.0
C3311,16,290,District - South Tripura ,Urban,5.0,1849.0,940.0,909.0,667.0,346.0,321.0,667.0,346.0,321.0,0.0,0.0,0.0,0.0,0.0,0.0,0.0,0.0,0.0,0.0,0.0,0.0,0.0,0.0,0.0,0.0,0.0,0.0,0.0,0.0,0.0,0.0,0.0,0.0,0.0,0.0,0.0,0.0,0.0,0.0
C3311,16,290,District - South Tripura ,Urban,6.0,1712.0,908.0,804.0,1022.0,564.0,458.0,1022.0,564.0,458.0,0.0,0.0,0.0,0.0,0.0,0.0,0.0,0.0,0.0,0.0,0.0,0.0,0.0,0.0,0.0,0.0,0.0,0.0,0.0,0.0,0.0,0.0,0.0,0.0,0.0,0.0,0.0,0.0,0.0,0.0
C3311,16,290,District - South Tripura ,Urban,7.0,1720.0,866.0,854.0,1592.0,800.0,792.0,88.0,45.0,43.0,1504.0,755.0,749.0,28.0,14.0,14.0,1468.0,739.0,729.0,0.0,0.0,0.0,0.0,0.0,0.0,0.0,0.0,0.0,0.0,0.0,0.0,0.0,0.0,0.0,0.0,0.0,0.0,0.0,0.0,0.0
C3311,16,290,District - South Tripura ,Urban,8.0,1777.0,910.0,867.0,1708.0,873.0,835.0,17.0,9.0,8.0,1691.0,864.0,827.0,15.0,8.0,7.0,1675.0,855.0,820.0,0.0,0.0,0.0,0.0,0.0,0.0,0.0,0.0,0.0,0.0,0.0,0.0,0.0,0.0,0.0,0.0,0.0,0.0,0.0,0.0,0.0
C3311,16,290,District - South Tripura ,Urban,9.0,1853.0,971.0,882.0,1769.0,930.0,839.0,7.0,3.0,4.0,1762.0,927.0,835.0,30.0,16.0,14.0,1687.0,886.0,801.0,43.0,24.0,19.0,0.0,0.0,0.0,0.0,0.0,0.0,0.0,0.0,0.0,0.0,0.0,0.0,0.0,0.0,0.0,0.0,0.0,0.0
C3311,16,290,District - South Tripura ,Urban,10.0,1959.0,1008.0,951.0,1871.0,963.0,908.0,10.0,8.0,2.0,1861.0,955.0,906.0,23.0,16.0,7.0,1428.0,737.0,691.0,408.0,202.0,206.0,0.0,0.0,0.0,0.0,0.0,0.0,0.0,0.0,0.0,0.0,0.0,0.0,0.0,0.0,0.0,0.0,0.0,0.0
C3311,16,290,District - South Tripura ,Urban,11.0,1864.0,971.0,893.0,1773.0,922.0,851.0,6.0,3.0,3.0,1767.0,919.0,848.0,21.0,10.0,11.0,457.0,256.0,201.0,1288.0,653.0,635.0,0.0,0.0,0.0,0.0,0.0,0.0,0.0,0.0,0.0,0.0,0.0,0.0,0.0,0.0,0.0,0.0,0.0,0.0
C3311,16,290,District - South Tripura ,Urban,12.0,1913.0,990.0,923.0,1813.0,933.0,880.0,5.0,4.0,1.0,1808.0,929.0,879.0,22.0,9.0,13.0,134.0,77.0,57.0,1598.0,824.0,774.0,53.0,19.0,34.0,0.0,0.0,0.0,0.0,0.0,0.0,0.0,0.0,0.0,0.0,0.0,0.0,0.0,0.0,0.0
C3311,16,290,District - South Tripura ,Urban,13.0,1922.0,943.0,979.0,1814.0,885.0,929.0,9.0,9.0,0.0,1805.0,876.0,929.0,15.0,8.0,7.0,55.0,30.0,25.0,1401.0,681.0,720.0,333.0,156.0,177.0,0.0,0.0,0.0,0.0,0.0,0.0,0.0,0.0,0.0,0.0,0.0,0.0,0.0,0.0,0.0
C3311,16,290,District - South Tripura ,Urban,14.0,1917.0,947.0,970.0,1727.0,854.0,873.0,5.0,3.0,2.0,1722.0,851.0,871.0,25.0,14.0,11.0,29.0,17.0,12.0,651.0,320.0,331.0,1016.0,500.0,516.0,0.0,0.0,0.0,0.0,0.0,0.0,0.0,0.0,0.0,0.0,0.0,0.0,0.0,0.0,0.0
C3311,16,290,District - South Tripura ,Urban,15.0,1865.0,951.0,914.0,1615.0,838.0,777.0,3.0,1.0,2.0,1612.0,837.0,775.0,18.0,4.0,14.0,14.0,9.0,5.0,313.0,164.0,149.0,1102.0,583.0,519.0,163.0,76.0,87.0,0.0,0.0,0.0,0.0,0.0,0.0,0.0,0.0,0.0,0.0,0.0,0.0
C3311,16,290,District - South Tripura ,Urban,16.0,2118.0,1048.0,1070.0,1708.0,837.0,871.0,9.0,7.0,2.0,1699.0,830.0,869.0,20.0,8.0,12.0,9.0,4.0,5.0,159.0,72.0,87.0,979.0,467.0,512.0,531.0,279.0,252.0,0.0,0.0,0.0,0.0,0.0,0.0,0.0,0.0,0.0,0.0,0.0,0.0
C3311,16,290,District - South Tripura ,Urban,17.0,2072.0,1077.0,995.0,1468.0,789.0,679.0,6.0,5.0,1.0,1462.0,784.0,678.0,18.0,7.0,11.0,8.0,7.0,1.0,89.0,53.0,36.0,483.0,267.0,216.0,860.0,450.0,410.0,0.0,0.0,0.0,0.0,0.0,0.0,0.0,0.0,0.0,0.0,0.0,0.0
C3311,16,290,District - South Tripura ,Urban,18.0,2177.0,1093.0,1084.0,1205.0,670.0,535.0,6.0,3.0,3.0,1199.0,667.0,532.0,11.0,5.0,6.0,8.0,4.0,4.0,58.0,34.0,24.0,271.0,153.0,118.0,384.0,193.0,191.0,460.0,272.0,188.0,0.0,0.0,0.0,6.0,5.0,1.0,0.0,0.0,0.0
C3311,16,290,District - South Tripura ,Urban,19.0,2282.0,1131.0,1151.0,1130.0,642.0,488.0,4.0,2.0,2.0,1126.0,640.0,486.0,18.0,7.0,11.0,13.0,6.0,7.0,40.0,19.0,21.0,200.0,115.0,85.0,212.0,125.0,87.0,614.0,350.0,264.0,2.0,1.0,1.0,25.0,17.0,8.0,0.0,0.0,0.0
C3311,16,290,District - South Tripura ,Urban,20-24,11928.0,5845.0,6083.0,2731.0,1621.0,1110.0,17.0,11.0,6.0,2714.0,1610.0,1104.0,40.0,25.0,15.0,26.0,17.0,9.0,80.0,44.0,36.0,250.0,138.0,112.0,252.0,153.0,99.0,1511.0,906.0,605.0,5.0,4.0,1.0,84.0,56.0,28.0,460.0,266.0,194.0
C3311,16,290,District - South Tripura ,Urban,25-29,11602.0,5979.0,5623.0,263.0,176.0,87.0,10.0,5.0,5.0,253.0,171.0,82.0,19.0,2.0,17.0,0.0,0.0,0.0,0.0,0.0,0.0,0.0,0.0,0.0,0.0,0.0,0.0,118.0,86.0,32.0,0.0,0.0,0.0,7.0,7.0,0.0,108.0,75.0,33.0
C3311,16,290,District - South Tripura ,Urban,30-34,10272.0,5242.0,5030.0,97.0,55.0,42.0,11.0,5.0,6.0,86.0,50.0,36.0,20.0,3.0,17.0,6.0,1.0,5.0,2.0,0.0,2.0,0.0,0.0,0.0,0.0,0.0,0.0,19.0,18.0,1.0,0.0,0.0,0.0,2.0,2.0,0.0,35.0,26.0,9.0
C3311,16,290,District - South Tripura ,Urban,35-59,41215.0,21383.0,19832.0,559.0,206.0,353.0,116.0,33.0,83.0,443.0,173.0,270.0,265.0,78.0,187.0,33.0,6.0,27.0,3.0,3.0,0.0,7.0,5.0,2.0,1.0,1.0,0.0,25.0,18.0,7.0,0.0,0.0,0.0,2.0,2.0,0.0,58.0,47.0,11.0
C3311,16,290,District - South Tripura ,Urban,60+,10687.0,5227.0,5460.0,224.0,73.0,151.0,39.0,15.0,24.0,185.0,58.0,127.0,94.0,32.0,62.0,35.0,7.0,28.0,9.0,3.0,6.0,3.0,2.0,1.0,0.0,0.0,0.0,4.0,1.0,3.0,0.0,0.0,0.0,1.0,1.0,0.0,4.0,4.0,0.0
C3311,16,290,District - South Tripura ,Urban,Age not stated,74.0,33.0,41.0,3.0,1.0,2.0,1.0,0.0,1.0,2.0,1.0,1.0,0.0,0.0,0.0,0.0,0.0,0.0,0.0,0.0,0.0,1.0,0.0,1.0,0.0,0.0,0.0,1.0,1.0,0.0,0.0,0.0,0.0,0.0,0.0,0.0,0.0,0.0,0.0
C3311,16,291,District - Dhalai,Total,All ages,378230.0,194544.0,183686.0,119120.0,60974.0,58146.0,10467.0,5258.0,5209.0,108653.0,55716.0,52937.0,20252.0,8285.0,11967.0,35596.0,18287.0,17309.0,24387.0,13199.0,11188.0,16842.0,9167.0,7675.0,5861.0,3328.0,2533.0,4117.0,2479.0,1638.0,13.0,7.0,6.0,89.0,68.0,21.0,1060.0,663.0,397.0
C3311,16,291,District - Dhalai,Total,0-4,39610.0,19984.0,19626.0,2225.0,1140.0,1085.0,2225.0,1140.0,1085.0,0.0,0.0,0.0,0.0,0.0,0.0,0.0,0.0,0.0,0.0,0.0,0.0,0.0,0.0,0.0,0.0,0.0,0.0,0.0,0.0,0.0,0.0,0.0,0.0,0.0,0.0,0.0,0.0,0.0,0.0
C3311,16,291,District - Dhalai,Total,5.0,8350.0,4276.0,4074.0,2210.0,1127.0,1083.0,2210.0,1127.0,1083.0,0.0,0.0,0.0,0.0,0.0,0.0,0.0,0.0,0.0,0.0,0.0,0.0,0.0,0.0,0.0,0.0,0.0,0.0,0.0,0.0,0.0,0.0,0.0,0.0,0.0,0.0,0.0,0.0,0.0,0.0
C3311,16,291,District - Dhalai,Total,6.0,8051.0,4200.0,3851.0,4331.0,2289.0,2042.0,4331.0,2289.0,2042.0,0.0,0.0,0.0,0.0,0.0,0.0,0.0,0.0,0.0,0.0,0.0,0.0,0.0,0.0,0.0,0.0,0.0,0.0,0.0,0.0,0.0,0.0,0.0,0.0,0.0,0.0,0.0,0.0,0.0,0.0
C3311,16,291,District - Dhalai,Total,7.0,8382.0,4306.0,4076.0,7185.0,3701.0,3484.0,350.0,168.0,182.0,6835.0,3533.0,3302.0,57.0,28.0,29.0,6761.0,3494.0,3267.0,0.0,0.0,0.0,0.0,0.0,0.0,0.0,0.0,0.0,0.0,0.0,0.0,0.0,0.0,0.0,0.0,0.0,0.0,0.0,0.0,0.0
C3311,16,291,District - Dhalai,Total,8.0,8487.0,4287.0,4200.0,7803.0,3962.0,3841.0,87.0,45.0,42.0,7716.0,3917.0,3799.0,28.0,10.0,18.0,7678.0,3902.0,3776.0,0.0,0.0,0.0,0.0,0.0,0.0,0.0,0.0,0.0,0.0,0.0,0.0,0.0,0.0,0.0,0.0,0.0,0.0,0.0,0.0,0.0
C3311,16,291,District - Dhalai,Total,9.0,8051.0,4080.0,3971.0,7491.0,3842.0,3649.0,66.0,30.0,36.0,7425.0,3812.0,3613.0,38.0,20.0,18.0,6991.0,3577.0,3414.0,390.0,211.0,179.0,0.0,0.0,0.0,0.0,0.0,0.0,0.0,0.0,0.0,0.0,0.0,0.0,0.0,0.0,0.0,0.0,0.0,0.0
C3311,16,291,District - Dhalai,Total,10.0,8867.0,4508.0,4359.0,8144.0,4193.0,3951.0,66.0,35.0,31.0,8078.0,4158.0,3920.0,40.0,22.0,18.0,6296.0,3217.0,3079.0,1737.0,917.0,820.0,0.0,0.0,0.0,0.0,0.0,0.0,0.0,0.0,0.0,0.0,0.0,0.0,0.0,0.0,0.0,0.0,0.0,0.0
C3311,16,291,District - Dhalai,Total,11.0,8162.0,4234.0,3928.0,7535.0,3975.0,3560.0,56.0,24.0,32.0,7479.0,3951.0,3528.0,56.0,21.0,35.0,3200.0,1725.0,1475.0,4210.0,2196.0,2014.0,0.0,0.0,0.0,0.0,0.0,0.0,0.0,0.0,0.0,0.0,0.0,0.0,0.0,0.0,0.0,0.0,0.0,0.0
C3311,16,291,District - Dhalai,Total,12.0,8511.0,4413.0,4098.0,7764.0,4094.0,3670.0,47.0,22.0,25.0,7717.0,4072.0,3645.0,57.0,18.0,39.0,1613.0,848.0,765.0,5699.0,3021.0,2678.0,338.0,181.0,157.0,0.0,0.0,0.0,0.0,0.0,0.0,0.0,0.0,0.0,0.0,0.0,0.0,0.0,0.0,0.0
C3311,16,291,District - Dhalai,Total,13.0,7905.0,4127.0,3778.0,7101.0,3789.0,3312.0,29.0,11.0,18.0,7072.0,3778.0,3294.0,76.0,25.0,51.0,749.0,390.0,359.0,5031.0,2739.0,2292.0,1204.0,613.0,591.0,0.0,0.0,0.0,0.0,0.0,0.0,0.0,0.0,0.0,0.0,0.0,0.0,0.0,0.0,0.0
C3311,16,291,District - Dhalai,Total,14.0,7479.0,3871.0,3608.0,6454.0,3415.0,3039.0,36.0,17.0,19.0,6418.0,3398.0,3020.0,92.0,34.0,58.0,406.0,210.0,196.0,2919.0,1595.0,1324.0,2989.0,1554.0,1435.0,0.0,0.0,0.0,0.0,0.0,0.0,0.0,0.0,0.0,0.0,0.0,0.0,0.0,0.0,0.0
C3311,16,291,District - Dhalai,Total,15.0,7803.0,4063.0,3740.0,6126.0,3264.0,2862.0,20.0,10.0,10.0,6106.0,3254.0,2852.0,111.0,46.0,65.0,250.0,147.0,103.0,1673.0,921.0,752.0,3573.0,1891.0,1682.0,491.0,243.0,248.0,0.0,0.0,0.0,0.0,0.0,0.0,0.0,0.0,0.0,0.0,0.0,0.0
C3311,16,291,District - Dhalai,Total,16.0,7391.0,3913.0,3478.0,5347.0,2960.0,2387.0,26.0,13.0,13.0,5321.0,2947.0,2374.0,176.0,63.0,113.0,182.0,93.0,89.0,827.0,503.0,324.0,3033.0,1700.0,1333.0,1095.0,586.0,509.0,0.0,0.0,0.0,0.0,0.0,0.0,0.0,0.0,0.0,0.0,0.0,0.0
C3311,16,291,District - Dhalai,Total,17.0,6946.0,3636.0,3310.0,4275.0,2356.0,1919.0,22.0,9.0,13.0,4253.0,2347.0,1906.0,149.0,52.0,97.0,127.0,66.0,61.0,465.0,281.0,184.0,1994.0,1108.0,886.0,1511.0,836.0,675.0,0.0,0.0,0.0,0.0,0.0,0.0,0.0,0.0,0.0,0.0,0.0,0.0
C3311,16,291,District - Dhalai,Total,18.0,8074.0,3953.0,4121.0,3865.0,2173.0,1692.0,21.0,6.0,15.0,3844.0,2167.0,1677.0,237.0,80.0,157.0,149.0,74.0,75.0,343.0,189.0,154.0,1444.0,847.0,597.0,937.0,555.0,382.0,722.0,413.0,309.0,0.0,0.0,0.0,3.0,3.0,0.0,0.0,0.0,0.0
C3311,16,291,District - Dhalai,Total,19.0,7137.0,3299.0,3838.0,2907.0,1567.0,1340.0,20.0,9.0,11.0,2887.0,1558.0,1329.0,257.0,67.0,190.0,125.0,61.0,64.0,221.0,116.0,105.0,806.0,441.0,365.0,623.0,378.0,245.0,836.0,482.0,354.0,0.0,0.0,0.0,13.0,9.0,4.0,0.0,0.0,0.0
C3311,16,291,District - Dhalai,Total,20-24,37906.0,18533.0,19373.0,8491.0,4488.0,4003.0,123.0,36.0,87.0,8368.0,4452.0,3916.0,1647.0,482.0,1165.0,475.0,217.0,258.0,725.0,433.0,292.0,1339.0,782.0,557.0,1172.0,714.0,458.0,2326.0,1441.0,885.0,7.0,5.0,2.0,49.0,36.0,13.0,577.0,322.0,255.0
C3311,16,291,District - Dhalai,Total,25-29,35174.0,18107.0,17067.0,2886.0,1173.0,1713.0,99.0,34.0,65.0,2787.0,1139.0,1648.0,2250.0,822.0,1428.0,52.0,26.0,26.0,17.0,7.0,10.0,26.0,6.0,20.0,6.0,4.0,2.0,152.0,89.0,63.0,2.0,0.0,2.0,8.0,7.0,1.0,246.0,163.0,83.0
C3311,16,291,District - Dhalai,Total,30-34,28117.0,14815.0,13302.0,2405.0,931.0,1474.0,112.0,32.0,80.0,2293.0,899.0,1394.0,2020.0,750.0,1270.0,50.0,26.0,24.0,14.0,7.0,7.0,28.0,9.0,19.0,5.0,3.0,2.0,31.0,21.0,10.0,2.0,2.0,0.0,11.0,8.0,3.0,90.0,59.0,31.0
C3311,16,291,District - Dhalai,Total,35-59,91298.0,48509.0,42789.0,11095.0,4770.0,6325.0,371.0,139.0,232.0,10724.0,4631.0,6093.0,9939.0,4207.0,5732.0,308.0,130.0,178.0,79.0,43.0,36.0,52.0,24.0,28.0,19.0,8.0,11.0,46.0,31.0,15.0,1.0,0.0,1.0,4.0,4.0,0.0,133.0,106.0,27.0
C3311,16,291,District - Dhalai,Total,60+,26402.0,13355.0,13047.0,3473.0,1761.0,1712.0,148.0,61.0,87.0,3325.0,1700.0,1625.0,3022.0,1538.0,1484.0,184.0,84.0,100.0,37.0,20.0,17.0,15.0,11.0,4.0,2.0,1.0,1.0,1.0,0.0,1.0,1.0,0.0,1.0,1.0,1.0,0.0,14.0,13.0,1.0
C3311,16,291,District - Dhalai,Total,Age not stated,127.0,75.0,52.0,7.0,4.0,3.0,2.0,1.0,1.0,5.0,3.0,2.0,0.0,0.0,0.0,0.0,0.0,0.0,0.0,0.0,0.0,1.0,0.0,1.0,0.0,0.0,0.0,3.0,2.0,1.0,0.0,0.0,0.0,0.0,0.0,0.0,0.0,0.0,0.0
C3311,16,291,District - Dhalai,Rural,All ages,337731.0,173773.0,163958.0,108962.0,55871.0,53091.0,9754.0,4909.0,4845.0,99208.0,50962.0,48246.0,19456.0,8012.0,11444.0,32827.0,16831.0,15996.0,22217.0,12125.0,10092.0,15148.0,8317.0,6831.0,4953.0,2850.0,2103.0,3276.0,2005.0,1271.0,9.0,4.0,5.0,62.0,49.0,13.0,845.0,547.0,298.0
C3311,16,291,District - Dhalai,Rural,0-4,36482.0,18422.0,18060.0,2043.0,1057.0,986.0,2043.0,1057.0,986.0,0.0,0.0,0.0,0.0,0.0,0.0,0.0,0.0,0.0,0.0,0.0,0.0,0.0,0.0,0.0,0.0,0.0,0.0,0.0,0.0,0.0,0.0,0.0,0.0,0.0,0.0,0.0,0.0,0.0,0.0
C3311,16,291,District - Dhalai,Rural,5.0,7701.0,3931.0,3770.0,2066.0,1064.0,1002.0,2066.0,1064.0,1002.0,0.0,0.0,0.0,0.0,0.0,0.0,0.0,0.0,0.0,0.0,0.0,0.0,0.0,0.0,0.0,0.0,0.0,0.0,0.0,0.0,0.0,0.0,0.0,0.0,0.0,0.0,0.0,0.0,0.0,0.0
C3311,16,291,District - Dhalai,Rural,6.0,7388.0,3843.0,3545.0,4045.0,2138.0,1907.0,4045.0,2138.0,1907.0,0.0,0.0,0.0,0.0,0.0,0.0,0.0,0.0,0.0,0.0,0.0,0.0,0.0,0.0,0.0,0.0,0.0,0.0,0.0,0.0,0.0,0.0,0.0,0.0,0.0,0.0,0.0,0.0,0.0,0.0
C3311,16,291,District - Dhalai,Rural,7.0,7673.0,3940.0,3733.0,6527.0,3359.0,3168.0,331.0,157.0,174.0,6196.0,3202.0,2994.0,48.0,25.0,23.0,6133.0,3167.0,2966.0,0.0,0.0,0.0,0.0,0.0,0.0,0.0,0.0,0.0,0.0,0.0,0.0,0.0,0.0,0.0,0.0,0.0,0.0,0.0,0.0,0.0
C3311,16,291,District - Dhalai,Rural,8.0,7731.0,3901.0,3830.0,7069.0,3587.0,3482.0,80.0,41.0,39.0,6989.0,3546.0,3443.0,26.0,9.0,17.0,6953.0,3532.0,3421.0,0.0,0.0,0.0,0.0,0.0,0.0,0.0,0.0,0.0,0.0,0.0,0.0,0.0,0.0,0.0,0.0,0.0,0.0,0.0,0.0,0.0
C3311,16,291,District - Dhalai,Rural,9.0,7399.0,3756.0,3643.0,6858.0,3525.0,3333.0,59.0,25.0,34.0,6799.0,3500.0,3299.0,33.0,17.0,16.0,6389.0,3273.0,3116.0,371.0,206.0,165.0,0.0,0.0,0.0,0.0,0.0,0.0,0.0,0.0,0.0,0.0,0.0,0.0,0.0,0.0,0.0,0.0,0.0,0.0
C3311,16,291,District - Dhalai,Rural,10.0,8188.0,4154.0,4034.0,7484.0,3847.0,3637.0,60.0,31.0,29.0,7424.0,3816.0,3608.0,40.0,22.0,18.0,5840.0,2975.0,2865.0,1540.0,817.0,723.0,0.0,0.0,0.0,0.0,0.0,0.0,0.0,0.0,0.0,0.0,0.0,0.0,0.0,0.0,0.0,0.0,0.0,0.0
C3311,16,291,District - Dhalai,Rural,11.0,7451.0,3870.0,3581.0,6850.0,3627.0,3223.0,49.0,21.0,28.0,6801.0,3606.0,3195.0,52.0,18.0,34.0,3016.0,1609.0,1407.0,3721.0,1971.0,1750.0,0.0,0.0,0.0,0.0,0.0,0.0,0.0,0.0,0.0,0.0,0.0,0.0,0.0,0.0,0.0,0.0,0.0,0.0
C3311,16,291,District - Dhalai,Rural,12.0,7821.0,4088.0,3733.0,7096.0,3777.0,3319.0,41.0,18.0,23.0,7055.0,3759.0,3296.0,53.0,16.0,37.0,1559.0,815.0,744.0,5121.0,2752.0,2369.0,313.0,173.0,140.0,0.0,0.0,0.0,0.0,0.0,0.0,0.0,0.0,0.0,0.0,0.0,0.0,0.0,0.0,0.0
C3311,16,291,District - Dhalai,Rural,13.0,7252.0,3789.0,3463.0,6473.0,3463.0,3010.0,28.0,10.0,18.0,6445.0,3453.0,2992.0,74.0,24.0,50.0,723.0,374.0,349.0,4570.0,2493.0,2077.0,1067.0,552.0,515.0,0.0,0.0,0.0,0.0,0.0,0.0,0.0,0.0,0.0,0.0,0.0,0.0,0.0,0.0,0.0
C3311,16,291,District - Dhalai,Rural,14.0,6838.0,3530.0,3308.0,5857.0,3100.0,2757.0,34.0,15.0,19.0,5823.0,3085.0,2738.0,88.0,32.0,56.0,392.0,200.0,192.0,2731.0,1493.0,1238.0,2600.0,1355.0,1245.0,0.0,0.0,0.0,0.0,0.0,0.0,0.0,0.0,0.0,0.0,0.0,0.0,0.0,0.0,0.0
C3311,16,291,District - Dhalai,Rural,15.0,7162.0,3757.0,3405.0,5558.0,2995.0,2563.0,19.0,9.0,10.0,5539.0,2986.0,2553.0,108.0,45.0,63.0,244.0,143.0,101.0,1593.0,876.0,717.0,3170.0,1702.0,1468.0,416.0,214.0,202.0,0.0,0.0,0.0,0.0,0.0,0.0,0.0,0.0,0.0,0.0,0.0,0.0
C3311,16,291,District - Dhalai,Rural,16.0,6719.0,3581.0,3138.0,4789.0,2680.0,2109.0,24.0,13.0,11.0,4765.0,2667.0,2098.0,174.0,62.0,112.0,172.0,86.0,86.0,779.0,482.0,297.0,2713.0,1540.0,1173.0,920.0,495.0,425.0,0.0,0.0,0.0,0.0,0.0,0.0,0.0,0.0,0.0,0.0,0.0,0.0
C3311,16,291,District - Dhalai,Rural,17.0,6241.0,3273.0,2968.0,3770.0,2088.0,1682.0,21.0,8.0,13.0,3749.0,2080.0,1669.0,148.0,51.0,97.0,124.0,66.0,58.0,435.0,262.0,173.0,1837.0,1023.0,814.0,1198.0,674.0,524.0,0.0,0.0,0.0,0.0,0.0,0.0,0.0,0.0,0.0,0.0,0.0,0.0
C3311,16,291,District - Dhalai,Rural,18.0,7290.0,3570.0,3720.0,3416.0,1930.0,1486.0,19.0,6.0,13.0,3397.0,1924.0,1473.0,228.0,73.0,155.0,141.0,69.0,72.0,315.0,173.0,142.0,1341.0,792.0,549.0,790.0,479.0,311.0,571.0,330.0,241.0,0.0,0.0,0.0,2.0,2.0,0.0,0.0,0.0,0.0
C3311,16,291,District - Dhalai,Rural,19.0,6368.0,2925.0,3443.0,2521.0,1359.0,1162.0,17.0,6.0,11.0,2504.0,1353.0,1151.0,250.0,64.0,186.0,120.0,58.0,62.0,209.0,113.0,96.0,734.0,401.0,333.0,528.0,319.0,209.0,652.0,390.0,262.0,0.0,0.0,0.0,7.0,6.0,1.0,0.0,0.0,0.0
C3311,16,291,District - Dhalai,Rural,20-24,33957.0,16604.0,17353.0,7574.0,3959.0,3615.0,120.0,35.0,85.0,7454.0,3924.0,3530.0,1614.0,469.0,1145.0,458.0,205.0,253.0,693.0,413.0,280.0,1253.0,730.0,523.0,1070.0,653.0,417.0,1848.0,1157.0,691.0,3.0,2.0,1.0,33.0,25.0,8.0,434.0,251.0,183.0
C3311,16,291,District - Dhalai,Rural,25-29,31182.0,16119.0,15063.0,2762.0,1119.0,1643.0,99.0,34.0,65.0,2663.0,1085.0,1578.0,2195.0,804.0,1391.0,51.0,26.0,25.0,17.0,7.0,10.0,24.0,5.0,19.0,5.0,4.0,1.0,132.0,81.0,51.0,2.0,0.0,2.0,7.0,6.0,1.0,203.0,137.0,66.0
C3311,16,291,District - Dhalai,Rural,30-34,24585.0,13015.0,11570.0,2342.0,909.0,1433.0,111.0,32.0,79.0,2231.0,877.0,1354.0,1974.0,737.0,1237.0,48.0,25.0,23.0,14.0,7.0,7.0,28.0,9.0,19.0,5.0,3.0,2.0,27.0,17.0,10.0,2.0,2.0,0.0,10.0,7.0,3.0,81.0,56.0,25.0
C3311,16,291,District - Dhalai,Rural,35-59,78907.0,41819.0,37088.0,10615.0,4605.0,6010.0,351.0,130.0,221.0,10264.0,4475.0,5789.0,9526.0,4078.0,5448.0,294.0,127.0,167.0,75.0,41.0,34.0,52.0,24.0,28.0,19.0,8.0,11.0,43.0,28.0,15.0,1.0,0.0,1.0,2.0,2.0,0.0,115.0,92.0,23.0
C3311,16,291,District - Dhalai,Rural,60+,23278.0,11814.0,11464.0,3241.0,1680.0,1561.0,135.0,58.0,77.0,3106.0,1622.0,1484.0,2825.0,1466.0,1359.0,170.0,81.0,89.0,33.0,19.0,14.0,15.0,11.0,4.0,2.0,1.0,1.0,0.0,0.0,0.0,1.0,0.0,1.0,1.0,1.0,0.0,12.0,11.0,1.0
C3311,16,291,District - Dhalai,Rural,Age not stated,118.0,72.0,46.0,6.0,3.0,3.0,2.0,1.0,1.0,4.0,2.0,2.0,0.0,0.0,0.0,0.0,0.0,0.0,0.0,0.0,0.0,1.0,0.0,1.0,0.0,0.0,0.0,3.0,2.0,1.0,0.0,0.0,0.0,0.0,0.0,0.0,0.0,0.0,0.0
C3311,16,291,District - Dhalai,Urban,All ages,40499.0,20771.0,19728.0,10158.0,5103.0,5055.0,713.0,349.0,364.0,9445.0,4754.0,4691.0,796.0,273.0,523.0,2769.0,1456.0,1313.0,2170.0,1074.0,1096.0,1694.0,850.0,844.0,908.0,478.0,430.0,841.0,474.0,367.0,4.0,3.0,1.0,27.0,19.0,8.0,215.0,116.0,99.0
C3311,16,291,District - Dhalai,Urban,0-4,3128.0,1562.0,1566.0,182.0,83.0,99.0,182.0,83.0,99.0,0.0,0.0,0.0,0.0,0.0,0.0,0.0,0.0,0.0,0.0,0.0,0.0,0.0,0.0,0.0,0.0,0.0,0.0,0.0,0.0,0.0,0.0,0.0,0.0,0.0,0.0,0.0,0.0,0.0,0.0
C3311,16,291,District - Dhalai,Urban,5.0,649.0,345.0,304.0,144.0,63.0,81.0,144.0,63.0,81.0,0.0,0.0,0.0,0.0,0.0,0.0,0.0,0.0,0.0,0.0,0.0,0.0,0.0,0.0,0.0,0.0,0.0,0.0,0.0,0.0,0.0,0.0,0.0,0.0,0.0,0.0,0.0,0.0,0.0,0.0
C3311,16,291,District - Dhalai,Urban,6.0,663.0,357.0,306.0,286.0,151.0,135.0,286.0,151.0,135.0,0.0,0.0,0.0,0.0,0.0,0.0,0.0,0.0,0.0,0.0,0.0,0.0,0.0,0.0,0.0,0.0,0.0,0.0,0.0,0.0,0.0,0.0,0.0,0.0,0.0,0.0,0.0,0.0,0.0,0.0
C3311,16,291,District - Dhalai,Urban,7.0,709.0,366.0,343.0,658.0,342.0,316.0,19.0,11.0,8.0,639.0,331.0,308.0,9.0,3.0,6.0,628.0,327.0,301.0,0.0,0.0,0.0,0.0,0.0,0.0,0.0,0.0,0.0,0.0,0.0,0.0,0.0,0.0,0.0,0.0,0.0,0.0,0.0,0.0,0.0
C3311,16,291,District - Dhalai,Urban,8.0,756.0,386.0,370.0,734.0,375.0,359.0,7.0,4.0,3.0,727.0,371.0,356.0,2.0,1.0,1.0,725.0,370.0,355.0,0.0,0.0,0.0,0.0,0.0,0.0,0.0,0.0,0.0,0.0,0.0,0.0,0.0,0.0,0.0,0.0,0.0,0.0,0.0,0.0,0.0
C3311,16,291,District - Dhalai,Urban,9.0,652.0,324.0,328.0,633.0,317.0,316.0,7.0,5.0,2.0,626.0,312.0,314.0,5.0,3.0,2.0,602.0,304.0,298.0,19.0,5.0,14.0,0.0,0.0,0.0,0.0,0.0,0.0,0.0,0.0,0.0,0.0,0.0,0.0,0.0,0.0,0.0,0.0,0.0,0.0
C3311,16,291,District - Dhalai,Urban,10.0,679.0,354.0,325.0,660.0,346.0,314.0,6.0,4.0,2.0,654.0,342.0,312.0,0.0,0.0,0.0,456.0,242.0,214.0,197.0,100.0,97.0,0.0,0.0,0.0,0.0,0.0,0.0,0.0,0.0,0.0,0.0,0.0,0.0,0.0,0.0,0.0,0.0,0.0,0.0
C3311,16,291,District - Dhalai,Urban,11.0,711.0,364.0,347.0,685.0,348.0,337.0,7.0,3.0,4.0,678.0,345.0,333.0,4.0,3.0,1.0,184.0,116.0,68.0,489.0,225.0,264.0,0.0,0.0,0.0,0.0,0.0,0.0,0.0,0.0,0.0,0.0,0.0,0.0,0.0,0.0,0.0,0.0,0.0,0.0
C3311,16,291,District - Dhalai,Urban,12.0,690.0,325.0,365.0,668.0,317.0,351.0,6.0,4.0,2.0,662.0,313.0,349.0,4.0,2.0,2.0,54.0,33.0,21.0,578.0,269.0,309.0,25.0,8.0,17.0,0.0,0.0,0.0,0.0,0.0,0.0,0.0,0.0,0.0,0.0,0.0,0.0,0.0,0.0,0.0
C3311,16,291,District - Dhalai,Urban,13.0,653.0,338.0,315.0,628.0,326.0,302.0,1.0,1.0,0.0,627.0,325.0,302.0,2.0,1.0,1.0,26.0,16.0,10.0,461.0,246.0,215.0,137.0,61.0,76.0,0.0,0.0,0.0,0.0,0.0,0.0,0.0,0.0,0.0,0.0,0.0,0.0,0.0,0.0,0.0
C3311,16,291,District - Dhalai,Urban,14.0,641.0,341.0,300.0,597.0,315.0,282.0,2.0,2.0,0.0,595.0,313.0,282.0,4.0,2.0,2.0,14.0,10.0,4.0,188.0,102.0,86.0,389.0,199.0,190.0,0.0,0.0,0.0,0.0,0.0,0.0,0.0,0.0,0.0,0.0,0.0,0.0,0.0,0.0,0.0
C3311,16,291,District - Dhalai,Urban,15.0,641.0,306.0,335.0,568.0,269.0,299.0,1.0,1.0,0.0,567.0,268.0,299.0,3.0,1.0,2.0,6.0,4.0,2.0,80.0,45.0,35.0,403.0,189.0,214.0,75.0,29.0,46.0,0.0,0.0,0.0,0.0,0.0,0.0,0.0,0.0,0.0,0.0,0.0,0.0
C3311,16,291,District - Dhalai,Urban,16.0,672.0,332.0,340.0,558.0,280.0,278.0,2.0,0.0,2.0,556.0,280.0,276.0,2.0,1.0,1.0,10.0,7.0,3.0,48.0,21.0,27.0,320.0,160.0,160.0,175.0,91.0,84.0,0.0,0.0,0.0,0.0,0.0,0.0,0.0,0.0,0.0,0.0,0.0,0.0
C3311,16,291,District - Dhalai,Urban,17.0,705.0,363.0,342.0,505.0,268.0,237.0,1.0,1.0,0.0,504.0,267.0,237.0,1.0,1.0,0.0,3.0,0.0,3.0,30.0,19.0,11.0,157.0,85.0,72.0,313.0,162.0,151.0,0.0,0.0,0.0,0.0,0.0,0.0,0.0,0.0,0.0,0.0,0.0,0.0
C3311,16,291,District - Dhalai,Urban,18.0,784.0,383.0,401.0,449.0,243.0,206.0,2.0,0.0,2.0,447.0,243.0,204.0,9.0,7.0,2.0,8.0,5.0,3.0,28.0,16.0,12.0,103.0,55.0,48.0,147.0,76.0,71.0,151.0,83.0,68.0,0.0,0.0,0.0,1.0,1.0,0.0,0.0,0.0,0.0
C3311,16,291,District - Dhalai,Urban,19.0,769.0,374.0,395.0,386.0,208.0,178.0,3.0,3.0,0.0,383.0,205.0,178.0,7.0,3.0,4.0,5.0,3.0,2.0,12.0,3.0,9.0,72.0,40.0,32.0,95.0,59.0,36.0,184.0,92.0,92.0,0.0,0.0,0.0,6.0,3.0,3.0,0.0,0.0,0.0
C3311,16,291,District - Dhalai,Urban,20-24,3949.0,1929.0,2020.0,917.0,529.0,388.0,3.0,1.0,2.0,914.0,528.0,386.0,33.0,13.0,20.0,17.0,12.0,5.0,32.0,20.0,12.0,86.0,52.0,34.0,102.0,61.0,41.0,478.0,284.0,194.0,4.0,3.0,1.0,16.0,11.0,5.0,143.0,71.0,72.0
C3311,16,291,District - Dhalai,Urban,25-29,3992.0,1988.0,2004.0,124.0,54.0,70.0,0.0,0.0,0.0,124.0,54.0,70.0,55.0,18.0,37.0,1.0,0.0,1.0,0.0,0.0,0.0,2.0,1.0,1.0,1.0,0.0,1.0,20.0,8.0,12.0,0.0,0.0,0.0,1.0,1.0,0.0,43.0,26.0,17.0
C3311,16,291,District - Dhalai,Urban,30-34,3532.0,1800.0,1732.0,63.0,22.0,41.0,1.0,0.0,1.0,62.0,22.0,40.0,46.0,13.0,33.0,2.0,1.0,1.0,0.0,0.0,0.0,0.0,0.0,0.0,0.0,0.0,0.0,4.0,4.0,0.0,0.0,0.0,0.0,1.0,1.0,0.0,9.0,3.0,6.0
C3311,16,291,District - Dhalai,Urban,35-59,12391.0,6690.0,5701.0,480.0,165.0,315.0,20.0,9.0,11.0,460.0,156.0,304.0,413.0,129.0,284.0,14.0,3.0,11.0,4.0,2.0,2.0,0.0,0.0,0.0,0.0,0.0,0.0,3.0,3.0,0.0,0.0,0.0,0.0,2.0,2.0,0.0,18.0,14.0,4.0
C3311,16,291,District - Dhalai,Urban,60+,3124.0,1541.0,1583.0,232.0,81.0,151.0,13.0,3.0,10.0,219.0,78.0,141.0,197.0,72.0,125.0,14.0,3.0,11.0,4.0,1.0,3.0,0.0,0.0,0.0,0.0,0.0,0.0,1.0,0.0,1.0,0.0,0.0,0.0,0.0,0.0,0.0,2.0,2.0,0.0
C3311,16,291,District - Dhalai,Urban,Age not stated,9.0,3.0,6.0,1.0,1.0,0.0,0.0,0.0,0.0,1.0,1.0,0.0,0.0,0.0,0.0,0.0,0.0,0.0,0.0,0.0,0.0,0.0,0.0,0.0,0.0,0.0,0.0,0.0,0.0,0.0,0.0,0.0,0.0,0.0,0.0,0.0,0.0,0.0,0.0
C3311,16,292,District - North Tripura,Total,All ages,693947.0,352860.0,341087.0,177461.0,90189.0,87272.0,13457.0,6704.0,6753.0,164004.0,83485.0,80519.0,6919.0,2800.0,4119.0,60714.0,30763.0,29951.0,45058.0,23207.0,21851.0,28115.0,14156.0,13959.0,11442.0,5951.0,5491.0,9008.0,4981.0,4027.0,7.0,6.0,1.0,214.0,131.0,83.0,2083.0,1276.0,807.0
C3311,16,292,District - North Tripura,Total,0-4,70745.0,35873.0,34872.0,2115.0,1065.0,1050.0,2115.0,1065.0,1050.0,0.0,0.0,0.0,0.0,0.0,0.0,0.0,0.0,0.0,0.0,0.0,0.0,0.0,0.0,0.0,0.0,0.0,0.0,0.0,0.0,0.0,0.0,0.0,0.0,0.0,0.0,0.0,0.0,0.0,0.0
C3311,16,292,District - North Tripura,Total,5.0,14798.0,7468.0,7330.0,2538.0,1262.0,1276.0,2538.0,1262.0,1276.0,0.0,0.0,0.0,0.0,0.0,0.0,0.0,0.0,0.0,0.0,0.0,0.0,0.0,0.0,0.0,0.0,0.0,0.0,0.0,0.0,0.0,0.0,0.0,0.0,0.0,0.0,0.0,0.0,0.0,0.0
C3311,16,292,District - North Tripura,Total,6.0,13661.0,7038.0,6623.0,5766.0,3016.0,2750.0,5766.0,3016.0,2750.0,0.0,0.0,0.0,0.0,0.0,0.0,0.0,0.0,0.0,0.0,0.0,0.0,0.0,0.0,0.0,0.0,0.0,0.0,0.0,0.0,0.0,0.0,0.0,0.0,0.0,0.0,0.0,0.0,0.0,0.0
C3311,16,292,District - North Tripura,Total,7.0,13707.0,6931.0,6776.0,11440.0,5808.0,5632.0,761.0,394.0,367.0,10679.0,5414.0,5265.0,157.0,88.0,69.0,10492.0,5310.0,5182.0,0.0,0.0,0.0,0.0,0.0,0.0,0.0,0.0,0.0,0.0,0.0,0.0,0.0,0.0,0.0,0.0,0.0,0.0,0.0,0.0,0.0
C3311,16,292,District - North Tripura,Total,8.0,13920.0,7096.0,6824.0,12614.0,6462.0,6152.0,294.0,144.0,150.0,12320.0,6318.0,6002.0,137.0,75.0,62.0,12167.0,6231.0,5936.0,0.0,0.0,0.0,0.0,0.0,0.0,0.0,0.0,0.0,0.0,0.0,0.0,0.0,0.0,0.0,0.0,0.0,0.0,0.0,0.0,0.0
C3311,16,292,District - North Tripura,Total,9.0,13864.0,7051.0,6813.0,12809.0,6512.0,6297.0,187.0,87.0,100.0,12622.0,6425.0,6197.0,100.0,47.0,53.0,11874.0,6060.0,5814.0,635.0,312.0,323.0,0.0,0.0,0.0,0.0,0.0,0.0,0.0,0.0,0.0,0.0,0.0,0.0,0.0,0.0,0.0,0.0,0.0,0.0
C3311,16,292,District - North Tripura,Total,10.0,15137.0,7798.0,7339.0,13766.0,7106.0,6660.0,112.0,65.0,47.0,13654.0,7041.0,6613.0,140.0,82.0,58.0,10696.0,5517.0,5179.0,2810.0,1437.0,1373.0,0.0,0.0,0.0,0.0,0.0,0.0,0.0,0.0,0.0,0.0,0.0,0.0,0.0,0.0,0.0,0.0,0.0,0.0
C3311,16,292,District - North Tripura,Total,11.0,14142.0,7152.0,6990.0,13027.0,6611.0,6416.0,83.0,46.0,37.0,12944.0,6565.0,6379.0,117.0,67.0,50.0,5468.0,2823.0,2645.0,7348.0,3670.0,3678.0,0.0,0.0,0.0,0.0,0.0,0.0,0.0,0.0,0.0,0.0,0.0,0.0,0.0,0.0,0.0,0.0,0.0,0.0
C3311,16,292,District - North Tripura,Total,12.0,15303.0,7824.0,7479.0,13872.0,7121.0,6751.0,66.0,27.0,39.0,13806.0,7094.0,6712.0,105.0,51.0,54.0,2893.0,1539.0,1354.0,10320.0,5270.0,5050.0,472.0,226.0,246.0,0.0,0.0,0.0,0.0,0.0,0.0,0.0,0.0,0.0,0.0,0.0,0.0,0.0,0.0,0.0
C3311,16,292,District - North Tripura,Total,13.0,13748.0,6962.0,6786.0,12291.0,6214.0,6077.0,54.0,25.0,29.0,12237.0,6189.0,6048.0,111.0,56.0,55.0,1420.0,746.0,674.0,8818.0,4463.0,4355.0,1878.0,919.0,959.0,0.0,0.0,0.0,0.0,0.0,0.0,0.0,0.0,0.0,0.0,0.0,0.0,0.0,0.0,0.0
C3311,16,292,District - North Tripura,Total,14.0,13633.0,6884.0,6749.0,11603.0,5857.0,5746.0,51.0,23.0,28.0,11552.0,5834.0,5718.0,106.0,52.0,54.0,827.0,425.0,402.0,5879.0,3050.0,2829.0,4733.0,2305.0,2428.0,0.0,0.0,0.0,0.0,0.0,0.0,0.0,0.0,0.0,0.0,0.0,0.0,0.0,0.0,0.0
C3311,16,292,District - North Tripura,Total,15.0,13689.0,6974.0,6715.0,10602.0,5433.0,5169.0,49.0,27.0,22.0,10553.0,5406.0,5147.0,88.0,42.0,46.0,551.0,288.0,263.0,3393.0,1839.0,1554.0,5650.0,2813.0,2837.0,861.0,418.0,443.0,0.0,0.0,0.0,0.0,0.0,0.0,0.0,0.0,0.0,0.0,0.0,0.0
C3311,16,292,District - North Tripura,Total,16.0,13666.0,6928.0,6738.0,9787.0,4883.0,4904.0,46.0,28.0,18.0,9741.0,4855.0,4886.0,80.0,31.0,49.0,344.0,181.0,163.0,1993.0,1061.0,932.0,5176.0,2568.0,2608.0,2138.0,1008.0,1130.0,0.0,0.0,0.0,0.0,0.0,0.0,0.0,0.0,0.0,0.0,0.0,0.0
C3311,16,292,District - North Tripura,Total,17.0,13099.0,6993.0,6106.0,8195.0,4354.0,3841.0,34.0,16.0,18.0,8161.0,4338.0,3823.0,95.0,44.0,51.0,252.0,143.0,109.0,1179.0,650.0,529.0,3558.0,1862.0,1696.0,3067.0,1633.0,1434.0,0.0,0.0,0.0,0.0,0.0,0.0,0.0,0.0,0.0,0.0,0.0,0.0
C3311,16,292,District - North Tripura,Total,18.0,15072.0,7557.0,7515.0,7070.0,3742.0,3328.0,35.0,16.0,19.0,7035.0,3726.0,3309.0,101.0,42.0,59.0,260.0,141.0,119.0,753.0,414.0,339.0,2501.0,1301.0,1200.0,1850.0,992.0,858.0,1549.0,821.0,728.0,1.0,1.0,0.0,9.0,7.0,2.0,0.0,0.0,0.0
C3311,16,292,District - North Tripura,Total,19.0,13083.0,6256.0,6827.0,5447.0,2816.0,2631.0,29.0,10.0,19.0,5418.0,2806.0,2612.0,86.0,34.0,52.0,204.0,90.0,114.0,485.0,260.0,225.0,1534.0,785.0,749.0,1256.0,646.0,610.0,1823.0,970.0,853.0,1.0,1.0,0.0,19.0,12.0,7.0,0.0,0.0,0.0
C3311,16,292,District - North Tripura,Total,20-24,71045.0,34716.0,36329.0,14085.0,7618.0,6467.0,142.0,56.0,86.0,13943.0,7562.0,6381.0,474.0,177.0,297.0,832.0,383.0,449.0,1277.0,712.0,565.0,2551.0,1348.0,1203.0,2256.0,1246.0,1010.0,5205.0,2914.0,2291.0,2.0,1.0,1.0,103.0,71.0,32.0,1189.0,687.0,502.0
C3311,16,292,District - North Tripura,Total,25-29,62566.0,31418.0,31148.0,1760.0,802.0,958.0,152.0,44.0,108.0,1608.0,758.0,850.0,535.0,169.0,366.0,217.0,70.0,147.0,19.0,10.0,9.0,12.0,8.0,4.0,6.0,4.0,2.0,330.0,204.0,126.0,1.0,1.0,0.0,25.0,19.0,6.0,434.0,264.0,170.0
C3311,16,292,District - North Tripura,Total,30-34,51155.0,26163.0,24992.0,1120.0,454.0,666.0,95.0,37.0,58.0,1025.0,417.0,608.0,527.0,173.0,354.0,236.0,75.0,161.0,17.0,10.0,7.0,13.0,6.0,7.0,2.0,0.0,2.0,50.0,35.0,15.0,2.0,2.0,0.0,6.0,2.0,4.0,149.0,105.0,44.0
C3311,16,292,District - North Tripura,Total,35-59,176960.0,92191.0,84769.0,5703.0,2260.0,3443.0,597.0,219.0,378.0,5106.0,2041.0,3065.0,2967.0,1143.0,1824.0,1516.0,552.0,964.0,104.0,39.0,65.0,29.0,12.0,17.0,6.0,4.0,2.0,40.0,29.0,11.0,0.0,0.0,0.0,38.0,14.0,24.0,274.0,191.0,83.0
C3311,16,292,District - North Tripura,Total,60+,50767.0,25482.0,25285.0,1846.0,789.0,1057.0,250.0,96.0,154.0,1596.0,693.0,903.0,991.0,426.0,565.0,465.0,189.0,276.0,28.0,10.0,18.0,8.0,3.0,5.0,0.0,0.0,0.0,10.0,7.0,3.0,0.0,0.0,0.0,14.0,6.0,8.0,36.0,28.0,8.0
C3311,16,292,District - North Tripura,Total,Age not stated,187.0,105.0,82.0,5.0,4.0,1.0,1.0,1.0,0.0,4.0,3.0,1.0,2.0,1.0,1.0,0.0,0.0,0.0,0.0,0.0,0.0,0.0,0.0,0.0,0.0,0.0,0.0,1.0,1.0,0.0,0.0,0.0,0.0,0.0,0.0,0.0,1.0,1.0,0.0
C3311,16,292,District - North Tripura,Rural,All ages,573662.0,291893.0,281769.0,148606.0,75389.0,73217.0,11324.0,5631.0,5693.0,137282.0,69758.0,67524.0,6446.0,2594.0,3852.0,52989.0,26823.0,26166.0,38445.0,19828.0,18617.0,23115.0,11610.0,11505.0,8564.0,4467.0,4097.0,6031.0,3406.0,2625.0,4.0,3.0,1.0,108.0,51.0,57.0,1216.0,800.0,416.0
C3311,16,292,District - North Tripura,Rural,0-4,61875.0,31368.0,30507.0,1677.0,854.0,823.0,1677.0,854.0,823.0,0.0,0.0,0.0,0.0,0.0,0.0,0.0,0.0,0.0,0.0,0.0,0.0,0.0,0.0,0.0,0.0,0.0,0.0,0.0,0.0,0.0,0.0,0.0,0.0,0.0,0.0,0.0,0.0,0.0,0.0
C3311,16,292,District - North Tripura,Rural,5.0,12803.0,6495.0,6308.0,2055.0,1013.0,1042.0,2055.0,1013.0,1042.0,0.0,0.0,0.0,0.0,0.0,0.0,0.0,0.0,0.0,0.0,0.0,0.0,0.0,0.0,0.0,0.0,0.0,0.0,0.0,0.0,0.0,0.0,0.0,0.0,0.0,0.0,0.0,0.0,0.0,0.0
C3311,16,292,District - North Tripura,Rural,6.0,11807.0,6079.0,5728.0,4847.0,2539.0,2308.0,4847.0,2539.0,2308.0,0.0,0.0,0.0,0.0,0.0,0.0,0.0,0.0,0.0,0.0,0.0,0.0,0.0,0.0,0.0,0.0,0.0,0.0,0.0,0.0,0.0,0.0,0.0,0.0,0.0,0.0,0.0,0.0,0.0,0.0
C3311,16,292,District - North Tripura,Rural,7.0,11836.0,5969.0,5867.0,9776.0,4953.0,4823.0,662.0,343.0,319.0,9114.0,4610.0,4504.0,144.0,78.0,66.0,8947.0,4519.0,4428.0,0.0,0.0,0.0,0.0,0.0,0.0,0.0,0.0,0.0,0.0,0.0,0.0,0.0,0.0,0.0,0.0,0.0,0.0,0.0,0.0,0.0
C3311,16,292,District - North Tripura,Rural,8.0,11989.0,6132.0,5857.0,10758.0,5529.0,5229.0,268.0,134.0,134.0,10490.0,5395.0,5095.0,116.0,62.0,54.0,10359.0,5321.0,5038.0,0.0,0.0,0.0,0.0,0.0,0.0,0.0,0.0,0.0,0.0,0.0,0.0,0.0,0.0,0.0,0.0,0.0,0.0,0.0,0.0,0.0
C3311,16,292,District - North Tripura,Rural,9.0,11966.0,6099.0,5867.0,10963.0,5586.0,5377.0,173.0,81.0,92.0,10790.0,5505.0,5285.0,88.0,41.0,47.0,10148.0,5185.0,4963.0,543.0,275.0,268.0,0.0,0.0,0.0,0.0,0.0,0.0,0.0,0.0,0.0,0.0,0.0,0.0,0.0,0.0,0.0,0.0,0.0,0.0
C3311,16,292,District - North Tripura,Rural,10.0,13031.0,6712.0,6319.0,11754.0,6074.0,5680.0,100.0,55.0,45.0,11654.0,6019.0,5635.0,128.0,73.0,55.0,9217.0,4757.0,4460.0,2303.0,1185.0,1118.0,0.0,0.0,0.0,0.0,0.0,0.0,0.0,0.0,0.0,0.0,0.0,0.0,0.0,0.0,0.0,0.0,0.0,0.0
C3311,16,292,District - North Tripura,Rural,11.0,12113.0,6126.0,5987.0,11070.0,5626.0,5444.0,73.0,40.0,33.0,10997.0,5586.0,5411.0,98.0,52.0,46.0,4965.0,2554.0,2411.0,5930.0,2979.0,2951.0,0.0,0.0,0.0,0.0,0.0,0.0,0.0,0.0,0.0,0.0,0.0,0.0,0.0,0.0,0.0,0.0,0.0,0.0
C3311,16,292,District - North Tripura,Rural,12.0,13239.0,6744.0,6495.0,11911.0,6093.0,5818.0,64.0,27.0,37.0,11847.0,6066.0,5781.0,99.0,46.0,53.0,2675.0,1412.0,1263.0,8651.0,4407.0,4244.0,411.0,195.0,216.0,0.0,0.0,0.0,0.0,0.0,0.0,0.0,0.0,0.0,0.0,0.0,0.0,0.0,0.0,0.0
C3311,16,292,District - North Tripura,Rural,13.0,11794.0,5985.0,5809.0,10438.0,5289.0,5149.0,53.0,24.0,29.0,10385.0,5265.0,5120.0,99.0,51.0,48.0,1327.0,697.0,630.0,7473.0,3792.0,3681.0,1480.0,722.0,758.0,0.0,0.0,0.0,0.0,0.0,0.0,0.0,0.0,0.0,0.0,0.0,0.0,0.0,0.0,0.0
C3311,16,292,District - North Tripura,Rural,14.0,11660.0,5882.0,5778.0,9767.0,4925.0,4842.0,47.0,22.0,25.0,9720.0,4903.0,4817.0,92.0,44.0,48.0,771.0,399.0,372.0,5225.0,2713.0,2512.0,3628.0,1746.0,1882.0,0.0,0.0,0.0,0.0,0.0,0.0,0.0,0.0,0.0,0.0,0.0,0.0,0.0,0.0,0.0
C3311,16,292,District - North Tripura,Rural,15.0,11640.0,5895.0,5745.0,8820.0,4505.0,4315.0,44.0,25.0,19.0,8776.0,4480.0,4296.0,78.0,40.0,38.0,521.0,275.0,246.0,3058.0,1643.0,1415.0,4474.0,2210.0,2264.0,638.0,306.0,332.0,0.0,0.0,0.0,0.0,0.0,0.0,0.0,0.0,0.0,0.0,0.0,0.0
C3311,16,292,District - North Tripura,Rural,16.0,11639.0,5870.0,5769.0,8119.0,4025.0,4094.0,43.0,25.0,18.0,8076.0,4000.0,4076.0,75.0,28.0,47.0,325.0,176.0,149.0,1825.0,965.0,860.0,4328.0,2140.0,2188.0,1518.0,689.0,829.0,0.0,0.0,0.0,0.0,0.0,0.0,0.0,0.0,0.0,0.0,0.0,0.0
C3311,16,292,District - North Tripura,Rural,17.0,11015.0,5898.0,5117.0,6620.0,3527.0,3093.0,29.0,14.0,15.0,6591.0,3513.0,3078.0,85.0,39.0,46.0,227.0,127.0,100.0,1046.0,569.0,477.0,3044.0,1597.0,1447.0,2183.0,1176.0,1007.0,0.0,0.0,0.0,0.0,0.0,0.0,0.0,0.0,0.0,0.0,0.0,0.0
C3311,16,292,District - North Tripura,Rural,18.0,12899.0,6432.0,6467.0,5672.0,2986.0,2686.0,31.0,12.0,19.0,5641.0,2974.0,2667.0,88.0,34.0,54.0,232.0,123.0,109.0,680.0,376.0,304.0,2170.0,1119.0,1051.0,1403.0,751.0,652.0,1060.0,565.0,495.0,1.0,1.0,0.0,1.0,1.0,0.0,0.0,0.0,0.0
C3311,16,292,District - North Tripura,Rural,19.0,10972.0,5200.0,5772.0,4214.0,2176.0,2038.0,24.0,8.0,16.0,4190.0,2168.0,2022.0,75.0,29.0,46.0,183.0,79.0,104.0,431.0,234.0,197.0,1315.0,673.0,642.0,976.0,502.0,474.0,1195.0,641.0,554.0,1.0,1.0,0.0,7.0,4.0,3.0,0.0,0.0,0.0
C3311,16,292,District - North Tripura,Rural,20-24,59769.0,29149.0,30620.0,10736.0,5878.0,4858.0,125.0,51.0,74.0,10611.0,5827.0,4784.0,439.0,157.0,282.0,759.0,349.0,410.0,1128.0,623.0,505.0,2214.0,1184.0,1030.0,1835.0,1036.0,799.0,3481.0,2008.0,1473.0,1.0,0.0,1.0,37.0,22.0,15.0,679.0,433.0,246.0
C3311,16,292,District - North Tripura,Rural,25-29,51666.0,26018.0,25648.0,1406.0,598.0,808.0,145.0,40.0,105.0,1261.0,558.0,703.0,510.0,161.0,349.0,212.0,67.0,145.0,18.0,10.0,8.0,10.0,6.0,4.0,5.0,4.0,1.0,227.0,140.0,87.0,1.0,1.0,0.0,9.0,6.0,3.0,245.0,155.0,90.0
C3311,16,292,District - North Tripura,Rural,30-34,41091.0,21106.0,19985.0,1002.0,397.0,605.0,88.0,34.0,54.0,914.0,363.0,551.0,500.0,166.0,334.0,230.0,75.0,155.0,15.0,10.0,5.0,11.0,5.0,6.0,1.0,0.0,1.0,33.0,26.0,7.0,0.0,0.0,0.0,5.0,1.0,4.0,98.0,71.0,27.0
C3311,16,292,District - North Tripura,Rural,35-59,138257.0,72267.0,65990.0,5285.0,2072.0,3213.0,549.0,200.0,349.0,4736.0,1872.0,2864.0,2803.0,1086.0,1717.0,1447.0,525.0,922.0,96.0,37.0,59.0,23.0,10.0,13.0,5.0,3.0,2.0,28.0,21.0,7.0,0.0,0.0,0.0,35.0,11.0,24.0,172.0,125.0,47.0
C3311,16,292,District - North Tripura,Rural,60+,40462.0,20394.0,20068.0,1711.0,740.0,971.0,226.0,89.0,137.0,1485.0,651.0,834.0,927.0,406.0,521.0,444.0,183.0,261.0,23.0,10.0,13.0,7.0,3.0,4.0,0.0,0.0,0.0,6.0,4.0,2.0,0.0,0.0,0.0,14.0,6.0,8.0,21.0,15.0,6.0
C3311,16,292,District - North Tripura,Rural,Age not stated,139.0,73.0,66.0,5.0,4.0,1.0,1.0,1.0,0.0,4.0,3.0,1.0,2.0,1.0,1.0,0.0,0.0,0.0,0.0,0.0,0.0,0.0,0.0,0.0,0.0,0.0,0.0,1.0,1.0,0.0,0.0,0.0,0.0,0.0,0.0,0.0,1.0,1.0,0.0
C3311,16,292,District - North Tripura,Urban,All ages,120285.0,60967.0,59318.0,28855.0,14800.0,14055.0,2133.0,1073.0,1060.0,26722.0,13727.0,12995.0,473.0,206.0,267.0,7725.0,3940.0,3785.0,6613.0,3379.0,3234.0,5000.0,2546.0,2454.0,2878.0,1484.0,1394.0,2977.0,1575.0,1402.0,3.0,3.0,0.0,106.0,80.0,26.0,867.0,476.0,391.0
C3311,16,292,District - North Tripura,Urban,0-4,8870.0,4505.0,4365.0,438.0,211.0,227.0,438.0,211.0,227.0,0.0,0.0,0.0,0.0,0.0,0.0,0.0,0.0,0.0,0.0,0.0,0.0,0.0,0.0,0.0,0.0,0.0,0.0,0.0,0.0,0.0,0.0,0.0,0.0,0.0,0.0,0.0,0.0,0.0,0.0
C3311,16,292,District - North Tripura,Urban,5.0,1995.0,973.0,1022.0,483.0,249.0,234.0,483.0,249.0,234.0,0.0,0.0,0.0,0.0,0.0,0.0,0.0,0.0,0.0,0.0,0.0,0.0,0.0,0.0,0.0,0.0,0.0,0.0,0.0,0.0,0.0,0.0,0.0,0.0,0.0,0.0,0.0,0.0,0.0,0.0
C3311,16,292,District - North Tripura,Urban,6.0,1854.0,959.0,895.0,919.0,477.0,442.0,919.0,477.0,442.0,0.0,0.0,0.0,0.0,0.0,0.0,0.0,0.0,0.0,0.0,0.0,0.0,0.0,0.0,0.0,0.0,0.0,0.0,0.0,0.0,0.0,0.0,0.0,0.0,0.0,0.0,0.0,0.0,0.0,0.0
C3311,16,292,District - North Tripura,Urban,7.0,1871.0,962.0,909.0,1664.0,855.0,809.0,99.0,51.0,48.0,1565.0,804.0,761.0,13.0,10.0,3.0,1545.0,791.0,754.0,0.0,0.0,0.0,0.0,0.0,0.0,0.0,0.0,0.0,0.0,0.0,0.0,0.0,0.0,0.0,0.0,0.0,0.0,0.0,0.0,0.0
C3311,16,292,District - North Tripura,Urban,8.0,1931.0,964.0,967.0,1856.0,933.0,923.0,26.0,10.0,16.0,1830.0,923.0,907.0,21.0,13.0,8.0,1808.0,910.0,898.0,0.0,0.0,0.0,0.0,0.0,0.0,0.0,0.0,0.0,0.0,0.0,0.0,0.0,0.0,0.0,0.0,0.0,0.0,0.0,0.0,0.0
C3311,16,292,District - North Tripura,Urban,9.0,1898.0,952.0,946.0,1846.0,926.0,920.0,14.0,6.0,8.0,1832.0,920.0,912.0,12.0,6.0,6.0,1726.0,875.0,851.0,92.0,37.0,55.0,0.0,0.0,0.0,0.0,0.0,0.0,0.0,0.0,0.0,0.0,0.0,0.0,0.0,0.0,0.0,0.0,0.0,0.0
C3311,16,292,District - North Tripura,Urban,10.0,2106.0,1086.0,1020.0,2012.0,1032.0,980.0,12.0,10.0,2.0,2000.0,1022.0,978.0,12.0,9.0,3.0,1479.0,760.0,719.0,507.0,252.0,255.0,0.0,0.0,0.0,0.0,0.0,0.0,0.0,0.0,0.0,0.0,0.0,0.0,0.0,0.0,0.0,0.0,0.0,0.0
C3311,16,292,District - North Tripura,Urban,11.0,2029.0,1026.0,1003.0,1957.0,985.0,972.0,10.0,6.0,4.0,1947.0,979.0,968.0,19.0,15.0,4.0,503.0,269.0,234.0,1418.0,691.0,727.0,0.0,0.0,0.0,0.0,0.0,0.0,0.0,0.0,0.0,0.0,0.0,0.0,0.0,0.0,0.0,0.0,0.0,0.0
C3311,16,292,District - North Tripura,Urban,12.0,2064.0,1080.0,984.0,1961.0,1028.0,933.0,2.0,0.0,2.0,1959.0,1028.0,931.0,6.0,5.0,1.0,218.0,127.0,91.0,1669.0,863.0,806.0,61.0,31.0,30.0,0.0,0.0,0.0,0.0,0.0,0.0,0.0,0.0,0.0,0.0,0.0,0.0,0.0,0.0,0.0
C3311,16,292,District - North Tripura,Urban,13.0,1954.0,977.0,977.0,1853.0,925.0,928.0,1.0,1.0,0.0,1852.0,924.0,928.0,12.0,5.0,7.0,93.0,49.0,44.0,1345.0,671.0,674.0,398.0,197.0,201.0,0.0,0.0,0.0,0.0,0.0,0.0,0.0,0.0,0.0,0.0,0.0,0.0,0.0,0.0,0.0
C3311,16,292,District - North Tripura,Urban,14.0,1973.0,1002.0,971.0,1836.0,932.0,904.0,4.0,1.0,3.0,1832.0,931.0,901.0,14.0,8.0,6.0,56.0,26.0,30.0,654.0,337.0,317.0,1105.0,559.0,546.0,0.0,0.0,0.0,0.0,0.0,0.0,0.0,0.0,0.0,0.0,0.0,0.0,0.0,0.0,0.0
C3311,16,292,District - North Tripura,Urban,15.0,2049.0,1079.0,970.0,1782.0,928.0,854.0,5.0,2.0,3.0,1777.0,926.0,851.0,10.0,2.0,8.0,30.0,13.0,17.0,335.0,196.0,139.0,1176.0,603.0,573.0,223.0,112.0,111.0,0.0,0.0,0.0,0.0,0.0,0.0,0.0,0.0,0.0,0.0,0.0,0.0
C3311,16,292,District - North Tripura,Urban,16.0,2027.0,1058.0,969.0,1668.0,858.0,810.0,3.0,3.0,0.0,1665.0,855.0,810.0,5.0,3.0,2.0,19.0,5.0,14.0,168.0,96.0,72.0,848.0,428.0,420.0,620.0,319.0,301.0,0.0,0.0,0.0,0.0,0.0,0.0,0.0,0.0,0.0,0.0,0.0,0.0
C3311,16,292,District - North Tripura,Urban,17.0,2084.0,1095.0,989.0,1575.0,827.0,748.0,5.0,2.0,3.0,1570.0,825.0,745.0,10.0,5.0,5.0,25.0,16.0,9.0,133.0,81.0,52.0,514.0,265.0,249.0,884.0,457.0,427.0,0.0,0.0,0.0,0.0,0.0,0.0,0.0,0.0,0.0,0.0,0.0,0.0
C3311,16,292,District - North Tripura,Urban,18.0,2173.0,1125.0,1048.0,1398.0,756.0,642.0,4.0,4.0,0.0,1394.0,752.0,642.0,13.0,8.0,5.0,28.0,18.0,10.0,73.0,38.0,35.0,331.0,182.0,149.0,447.0,241.0,206.0,489.0,256.0,233.0,0.0,0.0,0.0,8.0,6.0,2.0,0.0,0.0,0.0
C3311,16,292,District - North Tripura,Urban,19.0,2111.0,1056.0,1055.0,1233.0,640.0,593.0,5.0,2.0,3.0,1228.0,638.0,590.0,11.0,5.0,6.0,21.0,11.0,10.0,54.0,26.0,28.0,219.0,112.0,107.0,280.0,144.0,136.0,628.0,329.0,299.0,0.0,0.0,0.0,12.0,8.0,4.0,0.0,0.0,0.0
C3311,16,292,District - North Tripura,Urban,20-24,11276.0,5567.0,5709.0,3349.0,1740.0,1609.0,17.0,5.0,12.0,3332.0,1735.0,1597.0,35.0,20.0,15.0,73.0,34.0,39.0,149.0,89.0,60.0,337.0,164.0,173.0,421.0,210.0,211.0,1724.0,906.0,818.0,1.0,1.0,0.0,66.0,49.0,17.0,510.0,254.0,256.0
C3311,16,292,District - North Tripura,Urban,25-29,10900.0,5400.0,5500.0,354.0,204.0,150.0,7.0,4.0,3.0,347.0,200.0,147.0,25.0,8.0,17.0,5.0,3.0,2.0,1.0,0.0,1.0,2.0,2.0,0.0,1.0,0.0,1.0,103.0,64.0,39.0,0.0,0.0,0.0,16.0,13.0,3.0,189.0,109.0,80.0
C3311,16,292,District - North Tripura,Urban,30-34,10064.0,5057.0,5007.0,118.0,57.0,61.0,7.0,3.0,4.0,111.0,54.0,57.0,27.0,7.0,20.0,6.0,0.0,6.0,2.0,0.0,2.0,2.0,1.0,1.0,1.0,0.0,1.0,17.0,9.0,8.0,2.0,2.0,0.0,1.0,1.0,0.0,51.0,34.0,17.0
C3311,16,292,District - North Tripura,Urban,35-59,38703.0,19924.0,18779.0,418.0,188.0,230.0,48.0,19.0,29.0,370.0,169.0,201.0,164.0,57.0,107.0,69.0,27.0,42.0,8.0,2.0,6.0,6.0,2.0,4.0,1.0,1.0,0.0,12.0,8.0,4.0,0.0,0.0,0.0,3.0,3.0,0.0,102.0,66.0,36.0
C3311,16,292,District - North Tripura,Urban,60+,10305.0,5088.0,5217.0,135.0,49.0,86.0,24.0,7.0,17.0,111.0,42.0,69.0,64.0,20.0,44.0,21.0,6.0,15.0,5.0,0.0,5.0,1.0,0.0,1.0,0.0,0.0,0.0,4.0,3.0,1.0,0.0,0.0,0.0,0.0,0.0,0.0,15.0,13.0,2.0
C3311,16,292,District - North Tripura,Urban,Age not stated,48.0,32.0,16.0,0.0,0.0,0.0,0.0,0.0,0.0,0.0,0.0,0.0,0.0,0.0,0.0,0.0,0.0,0.0,0.0,0.0,0.0,0.0,0.0,0.0,0.0,0.0,0.0,0.0,0.0,0.0,0.0,0.0,0.0,0.0,0.0,0.0,0.0,0.0,0.0
,,,,,,,,,,,,,,,,,,,,,,,,,,,,,,,,,,,,,,,,,,,,
Note: 1. 'Literate' includes figures for 'educational levels not classifiable'.,,,,,,,,,,,,,,,,,,,,,,,,,,,,,,,,,,,,,,,,,,,,
