DISTRICT,DT_CEN_CD,ST_CEN_CD,ST_NM,avg_lights_x_pct,avg_vis,censuscode,cf_cvg,stable_lights
Adilabad,1,28,Andhra Pradesh,5.197013106,6.879606521,532,65.79105506,5.202686347
Agra,15,9,Uttar Pradesh,12.54485586,13.22363426,146,73.43904122,12.5421056
Ahmadabad,7,24,Gujarat,9.619672766,10.9490261,474,66.52581253,9.618116944
Ahmadnagar,26,27,Maharashtra,7.42833679,7.94637602,522,65.80556616,7.437032697
Aizawl,3,15,Mizoram,0.886804391,5.005648284,283,63.17123905,0.887389287
Ajmer,21,8,Rajasthan,6.44846377,8.709929293,119,75.61980835,6.456743919
Akola,5,27,Maharashtra,6.239935894,6.954465755,501,67.76406592,6.248908847
Alappuzha,11,32,Kerala,13.59346173,13.60244973,598,56.9103869,13.60244973
Aligarh,12,9,Uttar Pradesh,5.45958746,7.707592242,143,73.92830929,5.453179416
Alirajpur,48,23,Madhya Pradesh,0.68416511,4.494167926,465,70.2854326,0.682056409
Allahabad,44,9,Uttar Pradesh,9.423261906,10.08689468,175,69.74990841,9.420863437
Almora,9,5,Uttarakhand,3.99589151,5.728072718,64,73.86695491,3.988482012
Alwar,6,8,Rajasthan,12.08316373,12.48209409,104,76.44888689,12.08137856
Ambala,2,6,Haryana,19.83032063,19.83670856,70,71.96313901,19.83670856
Ambedkar Nagar,47,9,Uttar Pradesh,3.73324286,6.424540445,178,70.2667823,3.734110938
Amravati,7,27,Maharashtra,4.816430728,6.265839652,503,68.8547315,4.82483841
Amreli,13,24,Gujarat,6.26905091,6.64142068,480,69.01043336,6.277291025
Amritsar,15,3,Punjab,19.95049814,19.95740685,49,70.6967443,19.95740685
Anand,15,24,Gujarat,10.2745196,10.86006065,482,69.86824154,10.28274936
Anantapur,22,28,Andhra Pradesh,5.737795869,6.958134513,553,63.88974092,5.73454928
Anantnag,14,1,Jammu & Kashmir,0.992011893,4.140721524,14,63.55002143,0.990846658
Anjaw,16,12,Arunanchal Pradesh,0,3.569449284,260,70.93750396,0
Anugul,15,21,Odisha,5.835142618,8.471791018,384,56.16850186,5.83685209
Anuppur,44,23,Madhya Pradesh,3.517782187,5.846900557,461,63.47731859,3.527138669
Araria,7,10,Bihar,1.684221078,4.981421261,209,71.55086371,1.671810352
Ariyalur,15,33,Tamil Nadu,9.379922985,9.383410291,616,65.05141718,9.383410291
Arwal,38,10,Bihar,0.92268676,4.599546384,240,66.12817406,0.921531687
Ashoknagar,42,23,Madhya Pradesh,1.138359343,5.073780669,459,74.60148575,1.138814
Auraiya,31,9,Uttar Pradesh,6.616541775,8.753099969,162,74.48457876,6.625382162
Aurangabad,33,10,Bihar,1.788029239,5.077510973,235,64.45280781,1.792088323
Aurangabad,19,27,Maharashtra,5.321934272,6.908809545,515,65.97668671,5.331841342
Azamgarh,60,9,Uttar Pradesh,2.384851208,5.554693267,191,65.63551421,2.384279698
Badgam,2,1,Jammu & Kashmir,4.305469249,6.946395865,2,62.57941756,4.303424678
Bagalkot,2,29,Karnataka,8.173194885,8.477364382,556,66.58544959,8.173707382
Bageshwar,8,5,Uttarakhand,1.412319587,4.32919284,63,69.81320176,1.410278957
Baghpat,8,9,Uttar Pradesh,9.22689852,9.244969977,139,70.89902563,9.229637644
Bahraich,49,9,Uttar Pradesh,0.761922502,4.688584583,180,71.59607547,0.763500987
Baksa,25,18,Assam,0.417816812,4.618919217,324,70.07125941,0.420719044
Balaghat,40,23,Madhya Pradesh,1.816993538,4.935653789,457,63.35067284,1.821992423
Balangir,24,21,Odisha,1.731166038,5.046749209,393,63.04410589,1.734515953
Baleshwar,8,21,Odisha,4.786328823,7.041826134,377,53.95889384,4.789701086
Ballia,62,9,Uttar Pradesh,2.01390495,5.246984459,193,68.21468315,2.00662493
Balrampur,51,9,Uttar Pradesh,0.992895015,4.845483561,182,72.42281985,0.992631349
Banas Kantha,2,24,Gujarat,4.81952102,6.566423682,469,66.41470342,4.820741393
Banda,39,9,Uttar Pradesh,1.452542529,4.936268934,170,71.68269896,1.455349092
Bandipore,9,1,Jammu & Kashmir,0.461537393,3.930682227,9,65.44171864,0.461705169
Bangalore,18,29,Karnataka,44.19144362,44.20047119,572,55.84992294,44.20047119
Bangalore Rural,29,29,Karnataka,17.30697409,17.31725938,583,58.33707561,17.31582168
Banka,23,10,Bihar,0.553225752,4.602281626,225,64.01200235,0.55369082
Bankura,13,19,West Bengal,4.558319112,7.704589589,339,56.30882743,4.567292696
Banswara,27,8,Rajasthan,3.669865572,6.171752925,125,69.80625833,3.676453955
Bara Banki,45,9,Uttar Pradesh,3.643166552,6.899472802,176,72.51421349,3.64714774
Baramula,8,1,Jammu & Kashmir,4.638526243,6.570134169,8,67.19949355,4.634029598
Baran,30,8,Rajasthan,4.622374973,6.979453593,128,76.51312429,4.620919913
Barddhaman,9,19,West Bengal,12.47915871,13.95460642,335,58.63283092,12.49475558
Bareilly,19,9,Uttar Pradesh,5.092376831,7.837703594,150,76.61141157,5.088947888
Bargarh,1,21,Odisha,2.155069714,5.194705341,370,60.54010678,2.164387936
Barmer,17,8,Rajasthan,1.138956922,4.620735604,115,66.92025979,1.138305746
Barnala,20,3,Punjab,13.39497406,13.40653423,54,77.67255,13.40653423
Barpeta,4,18,Assam,1.449222293,4.933870614,303,70.34349318,1.45404082
Barwani,24,23,Madhya Pradesh,1.476684595,4.962225324,441,67.12623494,1.477337202
Bastar,15,22,Chhattisgarh,0.956488476,4.960085271,414,64.22035529,0.956383881
Basti,54,9,Uttar Pradesh,3.138290395,6.099343054,185,71.12647407,3.138449757
Bathinda,12,3,Punjab,17.07717907,17.08509305,46,75.31214623,17.08509305
Bauda,22,21,Odisha,0.218809176,4.428296102,391,57.23516918,0.219431194
Begusarai,20,10,Bihar,5.56003207,7.787217309,222,64.1719514,5.54776628
Belgaum,1,29,Karnataka,7.820184926,8.325905297,555,70.67577175,7.829231357
Bellary,11,29,Karnataka,6.551106255,8.048799089,565,62.10962647,6.548603055
Betul,30,23,Madhya Pradesh,1.526444681,4.652803977,447,72.87630656,1.530538625
Bhadrak,9,21,Odisha,3.8260648,6.016308533,378,55.18433056,3.828792648
Bhagalpur,22,10,Bihar,4.742633581,7.446122872,224,67.81208014,4.745708851
Bhandara,10,27,Maharashtra,5.027368993,6.423173617,506,68.40558498,5.022878945
Bharatpur,7,8,Rajasthan,9.788081254,10.0547509,105,75.20881075,9.794738806
Bharuch,21,24,Gujarat,11.79152006,12.34068852,488,72.21243401,11.79273507
Bhavnagar,14,24,Gujarat,7.108553845,7.7038426,481,67.78834184,7.112205889
Bhilwara,24,8,Rajasthan,3.620758044,6.519854135,122,75.09042916,3.630255724
Bhind,3,23,Madhya Pradesh,2.385970786,5.925812005,420,73.59389207,2.387089449
Bhiwani,13,6,Haryana,11.08608378,11.10132291,81,72.35751381,11.08802305
Bhojpur,29,10,Bihar,2.008434191,5.29352918,231,68.6494806,2.004611592
Bhopal,27,23,Madhya Pradesh,11.24551136,13.80880523,444,73.2942886,11.24553143
Bid,27,27,Maharashtra,5.489976283,6.287440457,523,66.79469368,5.502300638
Bidar,4,29,Karnataka,7.347793584,7.528025449,558,66.80895768,7.35724152
Bijapur,18,22,Chhattisgarh,0.133578945,5.080302918,417,67.40930928,0.133998687
Bijapur,3,29,Karnataka,5.749034049,6.439350023,557,63.91027798,5.747212678
Bijnor,3,9,Uttar Pradesh,3.371948839,6.216346431,134,76.24500171,3.363842962
Bikaner,3,8,Rajasthan,2.421000485,5.215937734,101,70.60991131,2.419992167
Bilaspur,8,2,Himachal Pradesh,9.946952091,10.1205136,30,68.5762042,9.941109346
Bilaspur,7,22,Chhattisgarh,7.387840623,8.654538382,406,61.01579188,7.395282518
Birbhum,8,19,West Bengal,6.923534812,8.749563176,334,62.79439784,6.935348679
Bishnupur,4,14,Manipur,2.949136102,5.457458655,275,64.46022029,2.952135817
Bokaro,10,20,Jharkhand,8.904677889,11.48303199,355,60.43975868,8.904001637
Bongaigaon,20,18,Assam,2.573516805,5.74388593,319,68.73039705,2.593659398
Budaun,18,9,Uttar Pradesh,1.474738291,5.027153925,149,75.98978077,1.473098679
Bulandshahr,11,9,Uttar Pradesh,6.952131092,7.819766732,142,72.59759152,6.944607672
Buldana,4,27,Maharashtra,4.497276797,5.821990361,500,70.55671475,4.512084546
Bundi,23,8,Rajasthan,3.876044111,6.699770527,121,76.64512198,3.874460966
Burhanpur,50,23,Madhya Pradesh,1.774780019,5.102005702,467,70.39324385,1.775681448
Buxar,30,10,Bihar,1.853383167,4.979678516,232,68.90490114,1.850397281
Cachar,17,18,Assam,2.187328099,5.344046463,316,66.28441073,2.185992673
Central,6,7,NCT of Delhi,62.86162988,63,95,71.41823529,63
Chamba,1,2,Himachal Pradesh,0.880916358,4.091771451,23,63.69612537,0.876860111
Chamoli,2,5,Uttarakhand,0.386561522,3.831383622,57,70.499652,0.386091665
Champawat,10,5,Uttarakhand,0.864965259,4.106446968,65,71.93137631,0.858650172
Champhai,4,15,Mizoram,0.107798801,4.349673016,284,62.41438857,0.108064555
Chamrajnagar,24,29,Karnataka,3.887136478,5.703255821,578,52.0816138,3.896436995
Chandauli,65,9,Uttar Pradesh,3.874700056,6.463821199,196,65.67554344,3.876911711
Chandel,9,14,Manipur,0.148789894,4.66980245,280,64.25409569,0.148790133
Chandigarh,1,4,Chandigarh,62.01452113,62.03767634,55,68.76831862,62.03767634
Chandrapur,13,27,Maharashtra,4.636200189,6.774112203,509,66.46072134,4.634963239
Changlang,9,12,Arunanchal Pradesh,0.657992255,3.890816962,253,68.89544916,0.658931728
Chatra,2,20,Jharkhand,0.566092739,4.427016955,347,64.71091292,0.565543955
Chennai,2,33,Tamil Nadu,62.65238491,62.64996308,603,69.4192957,62.64996308
Chhatarpur,8,23,Madhya Pradesh,2.211001186,5.243788972,425,70.68401004,2.209629682
Chhindwara,38,23,Madhya Pradesh,2.135131782,4.88511535,455,72.41199829,2.140581068
Chikkaballapura,28,29,Karnataka,8.128463744,8.333015837,582,61.79995129,8.132555056
Chikmagalur,16,29,Karnataka,2.807382479,5.241790474,570,62.04301057,2.824258877
Chirang,21,18,Assam,2.863181103,6.178504329,320,69.03221034,2.87059083
Chitradurga,12,29,Karnataka,5.181899485,6.420661962,566,61.43434587,5.180459531
Chitrakoot,40,9,Uttar Pradesh,1.706723018,4.891143992,171,72.44385715,1.713525551
Chittaurgarh,28,8,Rajasthan,6.069052032,7.990590608,126,72.65063544,6.076846027
Chittoor,23,28,Andhra Pradesh,7.767647656,8.278774381,554,63.59357159,7.775021532
Churachandpur,3,14,Manipur,0.273902736,4.300239115,274,65.54315144,0.274358486
Churu,4,8,Rajasthan,5.33396046,6.612645647,102,68.80111907,5.330398043
Coimbatore,31,33,Tamil Nadu,14.35191867,14.75843284,632,53.75419254,14.36537953
Cuddalore,16,33,Tamil Nadu,15.00305706,14.99921429,617,61.67398608,14.99845077
Cuttack,12,21,Odisha,8.797051906,9.803705354,381,57.2175548,8.809912353
Dadra & Nagar Haveli,1,26,Dadara & Nagar Havelli,22.26819804,22.3065853,496,77.37660479,22.26185896
Dakshin Bastar Dantewada,17,22,Chhattisgarh,0.605763976,4.741505609,416,65.44762836,0.606261593
Dakshin Dinajpur,5,19,West Bengal,6.696112749,7.806887636,331,69.37392368,6.703384015
Dakshina Kannada,21,29,Karnataka,7.20001577,8.600342066,575,63.01724509,7.20811978
Daman,2,25,Daman & Diu,51.81398925,51.79981179,495,75.6196424,51.79981179
Damoh,11,23,Madhya Pradesh,3.084586688,5.349120689,428,70.72733533,3.088596714
Darbhanga,13,10,Bihar,3.495130786,6.039457217,215,69.10733805,3.483747941
Darjiling,1,19,West Bengal,6.38835362,8.194211279,327,69.95387973,6.386718225
Darrang,26,18,Assam,2.638335908,5.662608108,325,71.34120648,2.639492808
Data Not Available,99,99,Jammu & Kashmir,0.555664815,3.994753408,0,63.99692716,0.556014106
Datia,5,23,Madhya Pradesh,4.490692251,6.864951077,422,73.08213947,4.487812271
Dausa,11,8,Rajasthan,12.88702275,12.97310261,109,77.79424262,12.88773711
Davanagere,13,29,Karnataka,5.628043512,6.891614942,567,61.25814291,5.630435757
Debagarh,4,21,Odisha,0.693157672,4.441438625,373,55.85851965,0.691876165
Dehradun,5,5,Uttarakhand,10.27058533,12.12378539,60,73.78791842,10.26073877
Deoghar,5,20,Jharkhand,2.957386188,6.661320003,350,59.94589064,2.957518722
Deoria,59,9,Uttar Pradesh,4.430801848,6.333278335,190,70.70808476,4.424962581
Dewas,20,23,Madhya Pradesh,2.30260163,6.310925614,437,72.00312326,2.305088688
Dhalai,3,16,Tripura,2.035725958,5.556695044,291,62.31803589,2.040746219
Dhamtari,13,22,Chhattisgarh,3.367075269,5.88693026,412,66.62218147,3.361854313
Dhanbad,9,20,Jharkhand,16.45597827,17.9597131,354,58.1908086,16.45732469
Dhar,21,23,Madhya Pradesh,2.142125564,6.189047487,438,70.23664478,2.1427104
Dharmapuri,29,33,Tamil Nadu,6.163168655,6.978857983,630,53.29930766,6.169897746
Dharwad,8,29,Karnataka,7.792567031,8.472683512,562,67.50303256,7.789259081
Dhaulpur,8,8,Rajasthan,4.708659193,6.693150837,106,74.64670499,4.711790688
Dhemaji,9,18,Assam,0.377933988,4.154443889,308,64.55561107,0.376157552
Dhenkanal,14,21,Odisha,4.801998461,6.646639375,383,57.08012695,4.814308284
Dhubri,2,18,Assam,0.899235024,4.604871937,301,70.2124508,0.905289216
Dhule,2,27,Maharashtra,3.227337477,5.758397426,498,64.38373061,3.228185877
Dibang Valley,13,12,Arunanchal Pradesh,0,3.675464857,257,66.22521027,0
Dibrugarh,11,18,Assam,9.845642224,11.24049416,310,67.55514717,9.841971379
Dima Hasao,16,18,Assam,0.627026744,4.609805469,315,65.01214232,0.626769426
Dimapur,5,13,Nagaland,5.957391155,8.883845695,265,64.78163707,5.960826742
Dindigul,11,33,Tamil Nadu,7.886102616,8.415174974,612,50.29011242,7.904332253
Dindori,36,23,Madhya Pradesh,0.400010535,3.75466279,453,65.14887177,0.404353927
Diu,1,25,Daman & Diu,23.80715901,23.95750658,494,73.58841089,23.85566286
Doda,16,1,Jammu & Kashmir,0.814694514,4.022903082,16,67.12092355,0.816222124
Dohad,18,24,Gujarat,4.283465465,6.303843293,485,70.2871209,4.290397536
Dumka,17,20,Jharkhand,0.654001519,4.87063759,362,61.74034446,0.653336867
Dungarpur,26,8,Rajasthan,4.067197003,6.13027911,124,71.00055072,4.067608027
Durg,10,22,Chhattisgarh,9.351086431,10.03623816,409,63.73949703,9.350777778
East,4,7,NCT of Delhi,62.73487624,62.90762543,93,72.74547183,62.90762543
East,4,11,Sikkim,4.214406678,6.406563904,244,67.21786277,4.215624931
East Garo Hills,2,17,Meghalaya,0.665822646,5.85280537,294,65.84614884,0.665311051
East Godavari,14,28,Andhra Pradesh,7.07454083,8.701801686,545,71.16183414,7.076896306
East Kameng,3,12,Arunanchal Pradesh,0.014422962,3.680213466,247,68.80574939,0.014169292
East Khasi Hills,6,17,Meghalaya,3.284391816,6.982304257,298,61.06371918,3.282233349
East Nimar,49,23,Madhya Pradesh,1.52952965,5.072882247,466,70.44197109,1.53375282
East Siang,7,12,Arunanchal Pradesh,0.093525105,3.658373191,251,63.0487762,0.093678772
Ernakulam,8,32,Kerala,19.0879208,19.36426524,595,55.22574971,19.09872714
Erode,9,33,Tamil Nadu,8.618978585,9.925819329,610,53.33496125,8.629724505
Etah,70,9,Uttar Pradesh,3.277730824,6.06663708,201,74.32875685,3.281273362
Etawah,30,9,Uttar Pradesh,9.973252609,11.14664538,161,74.46849053,9.980412176
Faizabad,46,9,Uttar Pradesh,3.47638993,7.035753581,177,72.56102376,3.476031045
Faridabad,20,6,Haryana,36.13685602,36.15582441,88,72.51974198,36.15582441
Faridkot,11,3,Punjab,13.95614815,13.95002265,45,73.42323189,13.95002265
Farrukhabad,28,9,Uttar Pradesh,1.789903627,5.719660947,159,75.44825707,1.789509118
Fatehabad,10,6,Haryana,14.83607985,14.84555969,78,72.70664772,14.84555969
Fatehgarh Sahib,6,3,Punjab,15.2307327,15.2310153,40,73.06557958,15.2310153
Fatehpur,41,9,Uttar Pradesh,2.107677219,5.59282622,172,71.98297455,2.110261263
Firozabad,16,9,Uttar Pradesh,8.497121774,9.676529849,147,72.62144894,8.505422966
Firozpur,9,3,Punjab,13.63454838,13.63430932,43,69.63664711,13.63405328
Gadag,7,29,Karnataka,4.297661912,5.733155233,561,63.98132309,4.313491066
Gajapati,20,21,Odisha,0.573716594,4.405686891,389,60.2235288,0.577577718
Ganderbal,11,1,Jammu & Kashmir,0.077829643,3.800353591,11,61.44913357,0.077441664
Gandhinagar,6,24,Gujarat,18.86654458,18.87258445,473,69.26485872,18.87258445
Ganganagar,1,8,Rajasthan,7.677963072,8.316737032,99,67.97270018,7.684225062
Ganjam,19,21,Odisha,2.782601645,5.358012285,388,55.18943955,2.790193099
Garhchiroli,12,27,Maharashtra,0.712856596,5.230145864,508,67.46395647,0.711058132
Garhwa,1,20,Jharkhand,0.310101392,4.027422834,346,62.65562471,0.308881637
Garhwal,6,5,Uttarakhand,2.514412706,5.173473905,61,76.07317063,2.504216997
Gautam Buddha Nagar,10,9,Uttar Pradesh,31.49126117,31.49541038,141,70.46336281,31.49536839
Gaya,34,10,Bihar,2.716141632,5.813318609,236,66.38079544,2.709815153
Ghaziabad,9,9,Uttar Pradesh,19.58658862,19.91070057,140,70.50918864,19.58670275
Ghazipur,64,9,Uttar Pradesh,2.397818805,5.303051155,195,64.30562089,2.394982747
Giridih,4,20,Jharkhand,1.196300071,5.090972338,349,60.16552346,1.196395005
Goalpara,3,18,Assam,3.495075248,6.070103449,302,68.61052805,3.505498251
Godda,6,20,Jharkhand,1.808813866,5.645379605,351,65.05105461,1.805044147
Golaghat,14,18,Assam,4.712512563,6.603368133,313,69.04757247,4.701600293
Gonda,52,9,Uttar Pradesh,2.627621046,6.263461238,183,71.63818083,2.629773605
Gondiya,11,27,Maharashtra,3.259954886,5.883603062,507,67.64433627,3.25377463
Gopalganj,15,10,Bihar,3.503967216,5.69566424,217,71.03611682,3.491834376
Gorakhpur,57,9,Uttar Pradesh,6.003612633,8.211436272,188,72.01074385,5.999505794
Gulbarga,25,29,Karnataka,7.096532367,7.341316091,579,65.7779664,7.106960829
Gumla,21,20,Jharkhand,0.233184716,4.252660176,366,57.14544296,0.233616547
Guna,41,23,Madhya Pradesh,2.46501605,6.072054016,458,76.61432439,2.464608724
Guntur,17,28,Andhra Pradesh,9.662665653,10.07321782,548,75.00657345,9.670430198
Gurdaspur,1,3,Punjab,14.52008884,14.6309644,35,71.69566204,14.52441652
Gurgaon,18,6,Haryana,35.87945254,35.90856241,86,72.57847979,35.90856241
Gwalior,4,23,Madhya Pradesh,4.868755122,7.639965205,421,74.50131145,4.869421561
Hailakandi,19,18,Assam,1.101529427,4.957306435,318,62.92595543,1.101662932
Hamirpur,6,2,Himachal Pradesh,8.312559227,8.481950471,28,66.09227439,8.321041978
Hamirpur,37,9,Uttar Pradesh,1.286529314,5.033668055,168,72.25602471,1.285057718
Hanumangarh,2,8,Rajasthan,6.9024029,7.870059264,100,66.68098567,6.903620907
Haora,15,19,West Bengal,22.17426896,22.241841,341,55.31262812,22.19001793
Harda,31,23,Madhya Pradesh,2.919916936,6.90371577,448,70.2456695,2.923100642
Hardoi,24,9,Uttar Pradesh,0.989223689,5.040869801,155,74.09642941,0.990614262
Hardwar,13,5,Uttarakhand,14.07803179,14.97986835,68,75.64005036,14.07678528
Hassan,20,29,Karnataka,6.055297647,6.697254719,574,57.59736162,6.068737111
Haveri,10,29,Karnataka,6.626344433,6.879743851,564,64.87291785,6.636660081
Hazaribagh,15,20,Jharkhand,3.388176381,6.978922176,360,63.27040044,3.389535751
Hingoli,16,27,Maharashtra,4.280251081,5.741049967,512,66.73441275,4.294777808
Hisar,12,6,Haryana,13.67166287,13.7105117,80,73.82151395,13.67488828
Hoshangabad,32,23,Madhya Pradesh,3.753378056,6.907843934,449,71.87807398,3.754862803
Hoshiarpur,4,3,Punjab,10.65598145,11.06554143,38,71.30966035,10.65854327
Hugli,12,19,West Bengal,13.64277875,14.38455111,338,57.03616652,13.65200026
Hyderabad,5,28,Andhra Pradesh,62.99919185,63,536,64.67930097,63
Idukki,9,32,Kerala,4.008983275,5.645306708,596,48.42153521,4.024478967
Imphal East,7,14,Manipur,8.366986527,9.970432806,278,63.54325908,8.365107133
Imphal West,6,14,Manipur,1.268064345,4.429562444,277,68.45745308,1.264869586
Indore,22,23,Madhya Pradesh,11.10790248,13.96098393,439,71.81486524,11.11534087
Jabalpur,34,23,Madhya Pradesh,7.999122831,9.034482988,451,67.53953697,8.013757534
Jagatsinghapur,11,21,Odisha,9.484135875,9.980803839,380,58.41687493,9.485569351
Jaintia Hills,7,17,Meghalaya,1.607357835,5.150463441,299,61.89496653,1.607779724
Jaipur,12,8,Rajasthan,14.69863156,15.27564334,110,75.75252006,14.70036609
Jaisalmer,16,8,Rajasthan,0.558901904,3.8249363,114,69.12611623,0.558613348
Jajapur,13,21,Odisha,10.38795154,10.7219481,382,55.0761612,10.4018946
Jalandhar,3,3,Punjab,17.93259986,17.93716995,37,74.408265,17.93716995
Jalaun,34,9,Uttar Pradesh,1.73726789,5.478881275,165,73.02483282,1.736687342
Jalgaon,3,27,Maharashtra,4.351786782,6.197134526,499,67.03028847,4.358785531
Jalna,18,27,Maharashtra,4.606368239,5.765394812,514,68.4990984,4.627460385
Jalor,18,8,Rajasthan,1.976901586,5.129499134,116,66.27239452,1.974267694
Jalpaiguri,2,19,West Bengal,5.805882106,7.208067133,328,68.16802406,5.801659006
Jammu,21,1,Jammu & Kashmir,18.68859217,18.89361324,21,67.69524539,18.69324503
Jamnagar,10,24,Gujarat,7.644830685,8.159738172,477,70.30831819,7.641563779
Jamtara,18,20,Jharkhand,1.714443993,5.84661576,363,59.38063372,1.714977245
Jamui,36,10,Bihar,0.312617022,4.401637317,238,62.47931027,0.311919257
Janjgir-champa,6,22,Chhattisgarh,11.07818499,11.10339681,405,60.69632771,11.08358948
Jashpur,3,22,Chhattisgarh,0.488836671,4.181753388,402,56.82339896,0.488533651
Jaunpur,63,9,Uttar Pradesh,2.154219794,5.505388486,194,66.40509748,2.149891059
Jehanabad,37,10,Bihar,3.733987427,5.821260383,239,67.52863497,3.722931519
Jhabua,47,23,Madhya Pradesh,1.155471482,5.125517044,464,70.32170328,1.157923413
Jhajjar,15,6,Haryana,16.47141873,16.4689192,83,71.31806742,16.4689192
Jhalawar,31,8,Rajasthan,4.057873142,6.770438117,129,73.47050746,4.059660407
Jhansi,35,9,Uttar Pradesh,3.872702507,6.964600588,166,72.80729362,3.868702411
Jharsuguda,2,21,Odisha,9.088696139,10.86914001,371,54.65461098,9.092974272
Jhunjhunun,5,8,Rajasthan,13.06944991,13.09673187,103,72.08760984,13.07079113
Jind,9,6,Haryana,14.24677908,14.24769784,77,73.64972577,14.24769784
Jodhpur,15,8,Rajasthan,4.099346793,6.776520919,113,70.93499686,4.107629072
Jorhat,13,18,Assam,2.993227336,5.538254596,312,68.55343633,2.982946692
Junagadh,12,24,Gujarat,6.911079304,7.487809352,479,71.14011595,6.912232784
Jyotiba Phule Nagar,6,9,Uttar Pradesh,5.795661176,7.263595278,137,75.3903147,5.789817381
Kabeerdham,8,22,Chhattisgarh,5.134570496,6.876140544,407,62.68418033,5.13652602
Kachchh,1,24,Gujarat,2.224036307,5.113728564,468,70.6869957,2.222740525
Kaimur (bhabua),31,10,Bihar,1.08915488,4.558505574,233,64.51049918,1.090051358
Kaithal,5,6,Haryana,16.15420637,16.16057931,73,73.03413487,16.16057931
Kalahandi,26,21,Odisha,0.970247212,5.260724224,395,62.94175888,0.97332561
Kamrup,22,18,Assam,5.257156325,7.744573134,321,68.10631538,5.26664244
Kamrup Metropolitan,23,18,Assam,12.5052916,14.63641524,322,66.05884589,12.51222226
Kancheepuram,3,33,Tamil Nadu,20.7984915,20.80616128,604,64.26940404,20.80616128
Kandhamal,21,21,Odisha,0.156651497,5.0661274,390,57.11955291,0.156378393
Kangra,2,2,Himachal Pradesh,5.127849576,6.636691135,24,66.98424466,5.125558169
Kannauj,29,9,Uttar Pradesh,7.193518819,8.826903835,160,75.12908037,7.198232784
Kanniyakumari,28,33,Tamil Nadu,13.35045009,14.15365521,629,45.45830469,13.35494032
Kannur,2,32,Kerala,7.25524794,7.782408361,589,60.2018364,7.268270831
Kanpur Dehat,32,9,Uttar Pradesh,2.60013433,6.069557104,163,72.73491822,2.605136127
Kanpur Nagar,33,9,Uttar Pradesh,8.390884203,11.30290079,164,73.6060453,8.391856484
Kansiram Nagar,71,9,Uttar Pradesh,1.526652925,4.960854276,202,74.39012414,1.528538398
Kapurthala,2,3,Punjab,14.22543135,14.27076046,36,73.72477104,14.23512316
Karaikal,4,34,Puducherry,28.44046824,28.43696432,637,65.80495349,28.43696432
Karauli,9,8,Rajasthan,6.33430625,8.043317429,107,76.85668148,6.330911688
Karbi Anglong,15,18,Assam,0.719285819,4.513274654,314,65.69788885,0.718745998
Kargil,4,1,Jammu & Kashmir,0.086582236,3.715827397,4,65.57150549,0.08658268
Karimganj,18,18,Assam,1.291021823,4.912143216,317,61.41430881,1.287119712
Karimnagar,3,28,Andhra Pradesh,10.19255658,10.67726293,534,66.5752744,10.19654625
Karnal,6,6,Haryana,19.44054076,19.47445211,74,72.88451473,19.45597177
Karur,12,33,Tamil Nadu,9.534277399,9.551461248,613,54.17229024,9.533241744
Kasaragod,1,32,Kerala,6.097639553,6.788856378,588,61.84948942,6.10313852
Kathua,7,1,Jammu & Kashmir,6.388134311,8.209801092,7,70.30417012,6.393361552
Katihar,10,10,Bihar,1.91095602,5.20283366,212,70.56206204,1.900616634
Katni,33,23,Madhya Pradesh,4.612378948,6.125764894,450,67.43444099,4.634179412
Kaushambi,43,9,Uttar Pradesh,5.720979384,7.531063826,174,71.24654319,5.730306759
Kendrapara,10,21,Odisha,4.928225339,6.028705023,379,56.65434855,4.940202525
Kendujhar,6,21,Odisha,2.794010566,6.297648473,375,57.22647166,2.79262728
Khagaria,21,10,Bihar,1.32538255,4.759649494,223,65.96457067,1.328893297
Khammam,10,28,Andhra Pradesh,4.945475925,7.118369176,541,71.1052348,4.945326783
Kheda,16,24,Gujarat,8.399412655,9.046472125,483,71.06806338,8.409088233
Kheri,22,9,Uttar Pradesh,1.588374386,5.855535598,153,74.59001,1.588750721
Khordha,17,21,Odisha,10.07320762,10.86651064,386,56.49620655,10.08418088
Khunti,20,20,Jharkhand,0.307098592,4.111643115,365,58.02094922,0.306792931
Kinnaur,12,2,Himachal Pradesh,0.311540885,3.875522564,34,74.65943776,0.31121398
Kiphire,9,13,Nagaland,0.096586004,3.859770163,269,62.90615882,0.096695703
Kishanganj,8,10,Bihar,2.224817059,5.296066772,210,72.06597099,2.213589782
Kishtwar,18,1,Jammu & Kashmir,0.089205217,3.655157061,18,62.50132105,0.089117395
Koch Bihar,3,19,West Bengal,5.435458421,6.75055356,329,68.70889349,5.439579056
Kodagu,22,29,Karnataka,1.680694612,4.684231081,576,56.5016574,1.69326767
Kodarma,3,20,Jharkhand,2.615575048,6.463317669,348,64.39279845,2.611093201
Kohima,10,13,Nagaland,1.303265076,4.841191555,270,64.3182334,1.303117755
Kokrajhar,1,18,Assam,1.661926287,5.218161671,300,71.05133115,1.664421083
Kolar,27,29,Karnataka,10.71311266,10.74727167,581,60.1667153,10.7212753
Kolasib,2,15,Mizoram,0.595966097,4.436158933,282,64.32639562,0.59419726
Kolhapur,34,27,Maharashtra,9.117140276,9.883953315,530,77.51594481,9.116420944
Kolkata,16,19,West Bengal,62.97672577,63,342,56.29854443,63
Kollam,13,32,Kerala,11.408129,12.11719832,600,53.47116655,11.43017244
Koppal,6,29,Karnataka,5.655927279,6.665475351,560,63.89386199,5.660624164
Koraput,29,21,Odisha,1.269803149,4.98561827,398,67.68028047,1.270514186
Korba,5,22,Chhattisgarh,5.223366782,7.839981583,404,59.53782092,5.229013184
Koriya,1,22,Chhattisgarh,1.508091991,4.711057894,400,62.25486176,1.512552327
Kota,29,8,Rajasthan,8.218362776,9.932825639,127,75.04069102,8.219646694
Kottayam,10,32,Kerala,9.994414849,10.01688649,597,54.36710979,9.998383145
Kozhikode,4,32,Kerala,9.222139627,9.805966972,591,56.54341513,9.235370162
Krishna,16,28,Andhra Pradesh,10.73678801,10.98274427,547,76.01974119,10.74138162
Krishnagiri,30,33,Tamil Nadu,7.198355788,8.02393752,631,52.82273501,7.204120603
Kulgam,15,1,Jammu & Kashmir,0.750771066,4.082723931,15,59.75541288,0.749720442
Kullu,4,2,Himachal Pradesh,1.527918541,4.625643846,26,68.06009209,1.528878597
Kupwara,1,1,Jammu & Kashmir,0.614934374,3.899378477,1,67.19072093,0.614833973
Kurnool,21,28,Andhra Pradesh,4.666484139,6.486914666,552,64.04188141,4.6620137
Kurukshetra,4,6,Haryana,18.3997776,18.39937561,72,72.50252651,18.39937561
Kurung Kumey,12,12,Arunanchal Pradesh,0,3.698778445,256,61.99773067,0
Kushinagar,58,9,Uttar Pradesh,2.776367793,5.662923824,189,72.18845903,2.76604376
Lahul & Spiti,3,2,Himachal Pradesh,0.003963209,3.691024823,25,70.35796976,0.003872335
Lakhimpur,8,18,Assam,0.760306049,4.47772443,307,70.29934359,0.756831168
Lakhisarai,25,10,Bihar,1.085398127,4.967151381,227,63.41879405,1.084970477
Lakshadweep,1,31,Lakshadweep,0.542351758,3.650598938,587,64.68195933,0.548205671
Lalitpur,36,9,Uttar Pradesh,1.226300512,4.917053401,167,71.96843267,1.226101566
Latehar,14,20,Jharkhand,0.461852895,4.299179508,359,61.25455715,0.46176563
Latur,28,27,Maharashtra,6.085665071,6.515683002,524,66.9616396,6.097145705
Lawangtlai,7,15,Mizoram,0.089258031,5.06081512,287,61.83957688,0.08875632
Leh (ladakh),3,1,Jammu & Kashmir,0.030182204,3.444453431,3,68.69972441,0.030151903
Lohardaga,11,20,Jharkhand,1.461759504,5.420719482,356,59.90665179,1.456197483
Lohit,15,12,Arunanchal Pradesh,0.369121904,3.855726296,259,69.20748706,0.37055438
Longleng,8,13,Nagaland,0.118042435,3.895564529,268,64.26755064,0.118659237
Lower Dibang Valley,14,12,Arunanchal Pradesh,0.011835248,3.530823989,258,66.04706243,0.011934484
Lower Subansiri,11,12,Arunanchal Pradesh,0.183219943,3.636910991,255,59.31567514,0.181956031
Lucknow,26,9,Uttar Pradesh,19.48686747,20.43003421,157,72.68589226,19.4927114
Ludhiana,7,3,Punjab,20.07757656,20.0854978,41,75.50551317,20.0854978
Lunglei,6,15,Mizoram,0.109670306,4.422579163,286,62.8834666,0.109873856
Madhepura,11,10,Bihar,3.298040505,5.68313483,213,68.04117975,3.287417629
Madhubani,5,10,Bihar,3.222329484,5.52521593,207,70.83748528,3.204594823
Madurai,22,33,Tamil Nadu,10.92100851,11.10373803,623,46.62167914,10.92719425
Mahamaya Nagar,13,9,Uttar Pradesh,8.895476896,10.21605736,144,73.6831161,8.889428497
Maharajganj,56,9,Uttar Pradesh,1.393816625,4.922364496,187,73.91235204,1.391668008
Mahasamund,12,22,Chhattisgarh,4.423364121,6.178153584,411,65.54290811,4.425253153
Mahbubnagar,7,28,Andhra Pradesh,8.173521986,8.693180605,538,65.48777036,8.179355799
Mahe,3,34,Puducherry,20.87855507,20.86815012,636,62.58153437,20.86815012
Mahendragarh,16,6,Haryana,14.26775562,14.27493615,84,74.81259435,14.27343876
Mahesana,4,24,Gujarat,9.856754371,10.18157923,471,67.82590669,9.859650518
Mahoba,38,9,Uttar Pradesh,2.144398503,5.557635868,169,72.38157924,2.141027634
Mainpuri,17,9,Uttar Pradesh,7.933650246,9.02230473,148,74.42849627,7.935318831
Malappuram,5,32,Kerala,7.765464537,8.598678853,592,54.42112727,7.774371047
Maldah,6,19,West Bengal,4.70766691,7.040916635,332,71.88703725,4.714074812
Malkangiri,30,21,Odisha,0.524444082,5.083915755,399,67.51553491,0.524518102
Mamit,1,15,Mizoram,0.054286092,4.080594686,281,62.8921418,0.054532096
Mandi,5,2,Himachal Pradesh,4.212547141,6.236612171,27,67.30079147,4.209080683
Mandla,37,23,Madhya Pradesh,0.925464969,4.093117459,454,64.00151307,0.935175607
Mandsaur,16,23,Madhya Pradesh,2.39259131,5.889568022,433,73.98948795,2.392777594
Mandya,19,29,Karnataka,8.494625015,8.694378149,573,53.42424479,8.498650531
Mansa,13,3,Punjab,12.90256072,12.89525695,47,75.10190268,12.89525695
Marigaon,5,18,Assam,1.834944546,5.094420358,304,68.56055496,1.841856865
Mathura,14,9,Uttar Pradesh,11.08852141,11.629065,145,75.01636704,11.0927815
Mau,61,9,Uttar Pradesh,4.589983904,6.758243521,192,67.1546937,4.590820448
Mayurbhanj,7,21,Odisha,0.746373391,4.997328506,376,56.11767428,0.747424846
Medak,4,28,Andhra Pradesh,11.35425745,11.39251602,535,63.656144,11.36202926
Meerut,7,9,Uttar Pradesh,11.92373637,12.76945025,138,72.03834639,11.93353571
Mewat,19,6,Haryana,12.81765893,12.85301184,87,74.30759889,12.82554607
Mirzapur,68,9,Uttar Pradesh,2.200437212,5.192524472,199,66.41094073,2.201310992
Moga,8,3,Punjab,13.52710743,13.52813987,42,74.62490067,13.52813987
Mokokchung,2,13,Nagaland,0.514908652,4.171042572,262,67.8778519,0.512164593
Mon,1,13,Nagaland,0.127668284,3.747917326,261,63.78624995,0.127824856
Moradabad,4,9,Uttar Pradesh,6.663130522,8.472419902,135,76.21332593,6.647028407
Morena,2,23,Madhya Pradesh,3.1095329,6.113809208,419,75.24785173,3.110716179
Muktsar,10,3,Punjab,14.94463091,14.94717656,44,71.57582225,14.94717656
Mumbai,23,27,Maharashtra,50.56486956,50.61274531,519,76.07309182,50.61274531
Mumbai Suburban,22,27,Maharashtra,57.57292804,57.60097407,518,76.51638402,57.60097407
Munger,24,10,Bihar,2.113600645,6.079971348,226,64.89569398,2.118119541
Murshidabad,7,19,West Bengal,6.899118837,9.064955161,333,66.23017793,6.904282651
Muzaffarnagar,2,9,Uttar Pradesh,9.029077436,9.499932076,133,74.04889949,9.029730472
Muzaffarpur,14,10,Bihar,5.381342772,7.258153179,216,71.08438557,5.374789285
Mysore,23,29,Karnataka,8.509147886,9.088953868,577,56.81552941,8.514991124
Nabarangapur,28,21,Odisha,0.374528025,4.465904226,397,65.61431684,0.373735444
Nadia,10,19,West Bengal,9.634434541,11.04901588,336,60.49400944,9.643460866
Nagaon,6,18,Assam,3.118464469,5.597483878,305,67.5939469,3.105883534
Nagappattinam,17,33,Tamil Nadu,9.89782911,10.09859961,618,66.19377977,9.902475262
Nagaur,14,8,Rajasthan,5.09911923,7.070736991,112,73.40135564,5.107096771
Nagpur,9,27,Maharashtra,8.235827316,9.545814463,505,68.81691379,8.24994936
Nainital,11,5,Uttarakhand,5.078598702,7.238817408,66,74.07733578,5.073914817
Nalanda,27,10,Bihar,5.328114923,7.197833938,229,65.96969519,5.322733621
Nalbari,24,18,Assam,2.243656861,5.374189366,323,70.71287875,2.25206509
Nalgonda,8,28,Andhra Pradesh,9.115265537,9.275950921,539,68.48796664,9.119557161
Namakkal,8,33,Tamil Nadu,12.33365392,12.42243038,609,51.53270132,12.33111407
Nanded,15,27,Maharashtra,4.65156759,6.05593675,511,63.40050833,4.668876894
Nandurbar,1,27,Maharashtra,3.119525454,5.591049042,497,67.29480468,3.120597895
Narayanpur,16,22,Chhattisgarh,0.11826118,4.261384516,415,62.27989097,0.117983367
Narmada,20,24,Gujarat,2.492111898,5.388006381,487,72.53560571,2.486869896
Narsimhapur,35,23,Madhya Pradesh,5.872234893,7.096522138,452,72.48028137,5.877568462
Nashik,20,27,Maharashtra,6.572227097,7.912287731,516,66.89140413,6.578778321
Navsari,23,24,Gujarat,8.506467095,9.020740125,490,76.59842641,8.507562693
Nawada,35,10,Bihar,0.896490837,4.725882061,237,65.57119171,0.899286633
Nayagarh,16,21,Odisha,2.047137202,4.782427826,385,55.43807272,2.05728475
Neemuch,15,23,Madhya Pradesh,3.568697442,6.152829589,432,73.90403531,3.570755323
New Delhi,5,7,NCT of Delhi,62.91387707,63,94,72.34602103,63
Nicobar,1,35,Andaman & Nicobar Island,0.351012843,3.953951537,638,56.09907195,0.352859623
Nizamabad,2,28,Andhra Pradesh,9.781090771,10.04156122,533,62.68424731,9.787539601
North,2,7,NCT of Delhi,62.0536209,62.1493537,91,70.95883281,62.1493537
North,1,11,Sikkim,0.20458981,3.827837257,241,72.69392592,0.204012843
North & Middle Andaman,2,35,Andaman & Nicobar Island,0.393119318,3.631034332,639,66.70580793,0.392524392
North 24 Parganas,11,19,West Bengal,10.30729973,11.85838,337,57.73598717,10.31047044
North East,3,7,NCT of Delhi,61.24942398,61.3597299,92,70.54332531,61.3597299
North Goa,1,30,Goa,17.03518438,17.30433628,585,75.50572285,17.02667713
North Tripura,4,16,Tripura,3.327697799,6.428222524,292,62.09409807,3.329202306
North West,1,7,NCT of Delhi,56.76250915,56.81023229,90,71.19984829,56.81023229
Nuapada,25,21,Odisha,0.584222134,4.895252078,394,66.50999265,0.583911281
Osmanabad,29,27,Maharashtra,5.253715824,5.891835074,525,64.95028792,5.266087884
Pakur,8,20,Jharkhand,1.419493014,5.307882172,353,67.24590004,1.419132934
Palakkad,6,32,Kerala,7.494859289,8.611634676,593,52.53688805,7.508763816
Palamu,13,20,Jharkhand,0.952644818,4.430251137,358,62.20639139,0.951593825
Pali,20,8,Rajasthan,3.040191419,5.970387128,118,71.52664475,3.047081944
Palwal,21,6,Haryana,15.58310718,15.58513878,89,72.81303059,15.57881318
Panch Mahals,17,24,Gujarat,5.553607644,7.035185565,484,71.10718038,5.551772011
Panchkula,1,6,Haryana,16.43573686,16.92892472,69,70.1561536,16.4302081
Panipat,7,6,Haryana,24.84003016,24.84378085,75,72.31702012,24.84378085
Panna,9,23,Madhya Pradesh,1.222021378,4.348971277,426,69.9921732,1.229194804
Papum Pare,4,12,Arunanchal Pradesh,1.139431059,4.518212894,248,68.2355784,1.140077849
Parbhani,17,27,Maharashtra,5.854606941,6.559158189,513,66.81520216,5.857238218
Pashchim Champaran,1,10,Bihar,1.385112448,5.16972728,203,73.42437038,1.381877111
Pashchim Medinipur,18,19,West Bengal,4.505601581,7.558473301,344,53.65366612,4.507744064
Pashchimi Singhbhum,23,20,Jharkhand,1.638199454,5.848424605,368,59.15064744,1.639004728
Patan,3,24,Gujarat,3.340133836,5.871029069,470,66.97277884,3.330747322
Pathanamthitta,12,32,Kerala,5.528587749,7.311560877,599,53.95898298,5.541371797
Patiala,14,3,Punjab,15.66141249,15.66864995,48,74.57790418,15.66864995
Patna,28,10,Bihar,9.513169863,11.0320267,230,67.63922563,9.509792385
Perambalur,14,33,Tamil Nadu,8.20194818,8.20688575,615,61.10964714,8.205572678
Peren,11,13,Nagaland,0.218835427,4.471019577,271,64.59231379,0.219044054
Phek,6,13,Nagaland,0.089250555,4.1168709,266,64.36242221,0.08887038
Pilibhit,20,9,Uttar Pradesh,1.331432969,5.606307571,151,75.63745323,1.332243893
Pithoragarh,7,5,Uttarakhand,0.755404969,4.095516633,62,69.81397249,0.754403935
Porbandar,11,24,Gujarat,6.639812391,7.296808064,478,72.36334267,6.623250274
Prakasam,18,28,Andhra Pradesh,5.226630599,6.651031982,549,68.36669765,5.24038862
Pratapgarh,33,8,Rajasthan,1.656866636,5.501566574,131,71.9234523,1.657538648
Pratapgarh,42,9,Uttar Pradesh,5.583018352,6.678163869,173,71.23037571,5.582901455
Puducherry,2,34,Puducherry,36.98730985,36.99887116,635,62.92060848,36.99887116
Pudukkottai,20,33,Tamil Nadu,8.098401858,8.116647102,621,61.29127559,8.106839729
Pulwama,12,1,Jammu & Kashmir,3.857318188,5.735626162,12,64.6164167,3.859714983
Punch,5,1,Jammu & Kashmir,2.50203333,4.665669441,5,67.10439091,2.498216209
Pune,25,27,Maharashtra,13.77943267,14.12625122,521,70.08930228,13.78643618
Purba Champaran,2,10,Bihar,1.739101232,5.130361918,204,72.86233491,1.731735095
Purba Medinipur,19,19,West Bengal,8.839916748,10.2075471,345,53.36548761,8.83981566
Purbi Singhbhum,12,20,Jharkhand,5.303239426,8.802490891,357,55.95748297,5.305879307
Puri,18,21,Odisha,4.260705714,5.884422012,387,59.11843406,4.271798765
Purnia,9,10,Bihar,3.153512677,6.018692461,211,70.37281854,3.14255079
Puruliya,14,19,West Bengal,2.551535799,6.456357685,340,56.83364015,2.551393974
Rae Bareli,27,9,Uttar Pradesh,3.528827279,6.562200784,158,72.89435591,3.532648826
Raichur,5,29,Karnataka,5.640348302,6.625496954,559,67.83416689,5.649276361
Raigarh,4,22,Chhattisgarh,6.502899197,8.512347688,403,57.99372501,6.505512584
Raigarh,24,27,Maharashtra,11.43829651,11.97590313,520,75.18018833,11.44775172
Raipur,11,22,Chhattisgarh,7.305041351,9.38078702,410,65.17305779,7.304751295
Raisen,29,23,Madhya Pradesh,2.516184613,5.65203239,446,73.72068246,2.515454086
Rajgarh,25,23,Madhya Pradesh,2.301210977,5.873181611,442,73.55126194,2.300023522
Rajkot,9,24,Gujarat,8.331931489,8.643013726,476,67.85055509,8.33164241
Rajnandgaon,9,22,Chhattisgarh,4.289456545,6.657893897,408,63.98386674,4.283438385
Rajouri,6,1,Jammu & Kashmir,2.302325897,4.780223498,6,65.33272093,2.305164299
Rajsamand,25,8,Rajasthan,6.613393969,8.367072469,123,72.28406711,6.6226393
Ramanagara,30,29,Karnataka,10.49020078,10.73190638,584,52.53277514,10.49411399
Ramanathapuram,25,33,Tamil Nadu,5.771897312,6.318198616,626,48.54563083,5.786601917
Ramban,17,1,Jammu & Kashmir,2.373660723,5.103066343,17,69.17588155,2.367945932
Ramgarh,16,20,Jharkhand,12.15566267,13.68356516,361,62.0116454,12.15728793
Rampur,5,9,Uttar Pradesh,6.478618316,7.810237492,136,75.66190727,6.471266053
Ranchi,19,20,Jharkhand,5.192056776,8.279203195,364,60.22194447,5.192033949
Rangareddy,6,28,Andhra Pradesh,18.58952275,18.62354222,537,65.44409193,18.59554925
Ratlam,17,23,Madhya Pradesh,2.275746319,6.459048294,434,71.69272925,2.278287989
Ratnagiri,32,27,Maharashtra,4.436856614,5.63179648,528,77.07907626,4.443927659
Rayagada,27,21,Odisha,1.03521296,5.166916841,396,60.78891539,1.036019963
Reasi,20,1,Jammu & Kashmir,2.145276772,4.911984818,20,66.42810231,2.142404412
Rewa,13,23,Madhya Pradesh,4.970784428,6.419737972,430,70.61100934,4.976784604
Rewari,17,6,Haryana,20.59959795,20.61262322,85,72.90396319,20.61262322
Ri Bhoi,5,17,Meghalaya,2.27560441,6.516877845,297,61.41400866,2.279544509
Rohtak,14,6,Haryana,15.87041364,15.88635562,82,72.53411265,15.88635562
Rohtas,32,10,Bihar,2.015217658,5.397427395,234,64.84094671,2.013989163
Rudraprayag,3,5,Uttarakhand,1.236427119,4.151354386,58,75.36700111,1.235563518
Rupnagar,17,3,Punjab,13.50763818,13.64265538,51,69.19687085,13.49502985
Sabar Kantha,5,24,Gujarat,4.94638003,6.645048141,472,70.45312135,4.947342992
Sagar,10,23,Madhya Pradesh,3.587277123,6.184827111,427,71.39660141,3.585953382
Saharanpur,1,9,Uttar Pradesh,5.346440001,7.201376604,132,73.39897252,5.338421984
Saharsa,12,10,Bihar,3.215012232,5.798849399,214,66.36178074,3.202413893
Sahibganj,7,20,Jharkhand,2.288163181,5.794991369,352,69.03129665,2.290617531
Sahibzada Ajit Singh Nagar,18,3,Punjab,27.16337378,27.17742273,52,69.82796836,27.17742273
Saiha,8,15,Mizoram,0.05757206,5.147009378,288,62.31220269,0.056997951
Salem,7,33,Tamil Nadu,13.16290021,13.34576064,608,54.72769957,13.17437993
Samastipur,19,10,Bihar,3.77194806,5.872414707,221,66.2005107,3.765564957
Samba,22,1,Jammu & Kashmir,11.95976074,12.55089713,22,69.73968746,11.95148502
Sambalpur,3,21,Odisha,2.651403444,6.20077224,372,55.42674011,2.653359951
Sangli,35,27,Maharashtra,8.197347907,8.468299935,531,68.58104836,8.195574944
Sangrur,19,3,Punjab,13.77288696,13.77559289,53,76.61288366,13.77559289
Sant Kabir Nagar,55,9,Uttar Pradesh,3.167115724,5.623200456,186,69.94700755,3.159486011
Sant Ravi Das Nagar(bhadohi),67,9,Uttar Pradesh,7.13862663,8.510515832,198,67.42704915,7.127940862
Saraikela-kharsawan,24,20,Jharkhand,5.614478358,8.575580355,369,58.8456187,5.614067216
Saran (chhapra),17,10,Bihar,5.624283268,7.178629388,219,69.64223766,5.614973048
Satara,31,27,Maharashtra,7.522091322,8.062801378,527,73.99988708,7.529939587
Satna,12,23,Madhya Pradesh,5.29440706,6.740925188,429,70.63623124,5.301761513
Sawai Madhopur,10,8,Rajasthan,6.036622526,7.406471973,108,78.15561925,6.029251864
Sehore,28,23,Madhya Pradesh,3.327282238,6.788019531,445,72.36962637,3.326098266
Senapati,1,14,Manipur,0.53841771,5.234618545,272,63.80881617,0.537656548
Seoni,39,23,Madhya Pradesh,1.791845384,4.725034221,456,68.01708889,1.80551698
Serchhip,5,15,Mizoram,0.193192431,4.596960967,285,62.11721985,0.195152019
Shahdol,43,23,Madhya Pradesh,1.771935862,4.729523031,460,66.04723295,1.781082566
Shahid Bhagat Singh Nagar,5,3,Punjab,12.05401936,12.15223269,39,71.97989969,12.05061063
Shahjahanpur,21,9,Uttar Pradesh,2.288451005,6.217493492,152,75.49833984,2.289484415
Shajapur,19,23,Madhya Pradesh,1.636279628,5.748305939,436,73.55150849,1.636337867
Sheikhpura,26,10,Bihar,1.86468488,5.099099013,228,64.76737294,1.864380292
Sheohar,3,10,Bihar,1.770732895,4.932295037,205,73.27648803,1.758199545
Sheopur,1,23,Madhya Pradesh,1.012908119,4.240810987,418,78.07069012,1.01346419
Shimla,11,2,Himachal Pradesh,2.78992171,5.42157264,33,70.15677689,2.786999391
Shimoga,14,29,Karnataka,3.429850851,5.873951627,568,68.5875195,3.440477457
Shivpuri,6,23,Madhya Pradesh,1.080153228,4.632164057,423,75.40761201,1.081196535
Shrawasti,50,9,Uttar Pradesh,0.528206812,4.543354374,181,71.58124122,0.528923723
Shupiyan,13,1,Jammu & Kashmir,1.237110475,4.352556126,13,66.3295402,1.242474572
Siddharth Nagar,53,9,Uttar Pradesh,0.845347644,4.570028394,184,72.04835624,0.842166128
Sidhi,45,23,Madhya Pradesh,2.236827079,4.731459752,462,68.35323516,2.249095328
Sikar,13,8,Rajasthan,11.5607107,11.59210147,111,72.02709789,11.56431462
Simdega,22,20,Jharkhand,0.142744875,3.807289579,367,54.18107785,0.142206712
Sindhudurg,33,27,Maharashtra,4.021722089,5.179089592,529,75.53852804,4.016193092
Singrauli,46,23,Madhya Pradesh,4.613766122,7.367026858,463,65.29817314,4.615794572
Sirmaur,10,2,Himachal Pradesh,4.884131103,6.689741163,32,69.6245494,4.875022633
Sirohi,19,8,Rajasthan,3.584594516,6.266577523,117,67.70445158,3.583017132
Sirsa,11,6,Haryana,13.31302523,13.3488729,79,69.3699326,13.32286694
Sitamarhi,4,10,Bihar,1.783747845,5.031769087,206,72.33952857,1.773843262
Sitapur,23,9,Uttar Pradesh,1.468963698,5.618145162,154,73.67339399,1.469349653
Sivaganga,21,33,Tamil Nadu,7.792115909,7.820167835,622,51.06730016,7.79544932
Sivasagar,12,18,Assam,6.451688098,7.796406566,311,67.61541732,6.441032899
Siwan,16,10,Bihar,2.790198351,5.296316152,218,71.00863451,2.768229573
Solan,9,2,Himachal Pradesh,12.352852,12.45373259,31,67.99264901,12.36188636
Solapur,30,27,Maharashtra,8.830258756,8.958017404,526,62.36757738,8.836149507
Sonbhadra,69,9,Uttar Pradesh,2.689684342,5.850580957,200,64.45642766,2.687554738
Sonipat,8,6,Haryana,19.81266504,19.82021267,76,72.21191853,19.82021267
Sonitpur,7,18,Assam,2.556656036,5.262850411,306,70.76149044,2.545366071
South,9,7,NCT of Delhi,59.170266,59.24157454,98,72.13273378,59.24157454
South,3,11,Sikkim,4.622524192,6.29223468,243,71.49533803,4.62014642
South 24 Parganas,17,19,West Bengal,9.902685463,11.59109085,343,57.10087569,9.906960682
South Andaman,3,35,Andaman & Nicobar Island,1.758555095,4.694795657,640,64.67962139,1.762588186
South Garo Hills,3,17,Meghalaya,0.474119795,4.453222387,295,67.4024321,0.475431578
South Goa,2,30,Goa,10.03789483,11.10619381,586,76.59240699,10.03356856
South Tripura,2,16,Tripura,4.613458526,6.940276342,290,64.45458389,4.614548654
South West,8,7,NCT of Delhi,56.48885286,56.57012147,97,71.6949133,56.57012147
Sri Potti Sriramulu Nellore,19,28,Andhra Pradesh,7.1216479,7.924967855,550,69.70761523,7.135455166
Srikakulam,11,28,Andhra Pradesh,5.315664564,6.330922661,542,68.04450952,5.326699119
Srinagar,10,1,Jammu & Kashmir,8.430715909,10.29856289,10,64.91498508,8.43293003
Subarnapur,23,21,Odisha,1.379110708,4.634740508,392,56.52528643,1.38240457
Sultanpur,48,9,Uttar Pradesh,2.748960419,5.869402056,179,71.21710091,2.746623473
Sundargarh,5,21,Odisha,3.107899661,6.710157047,374,55.89068781,3.107524333
Supaul,6,10,Bihar,3.710003844,5.772457959,208,70.46620461,3.70052786
Surat,25,24,Gujarat,16.23621793,16.67915973,492,75.37193204,16.24574241
Surendranagar,8,24,Gujarat,4.683940381,6.256343267,475,66.05753572,4.678715511
Surguja,2,22,Chhattisgarh,1.268058793,4.601582854,401,59.14897083,1.267492914
Tamenglong,2,14,Manipur,0.411948275,4.249927883,273,64.90909289,0.411294196
Tapi,26,24,Gujarat,4.726647906,6.583088108,493,72.6413597,4.72989306
Tarn Taran,16,3,Punjab,16.63030398,16.63919305,50,70.21487829,16.63295514
Tawang,1,12,Arunanchal Pradesh,0.066228444,3.697568339,245,71.89345662,0.066678035
Tehri Garhwal,4,5,Uttarakhand,4.087842287,6.157411626,59,75.66251229,4.083703805
Thane,21,27,Maharashtra,12.4092169,13.51361958,517,75.8646057,12.4204444
Thanjavur,19,33,Tamil Nadu,11.38869911,11.42644265,620,65.33021268,11.40105273
The Dangs,22,24,Gujarat,0.41319376,4.19742749,489,71.61543719,0.413557832
The Nilgiris,10,33,Tamil Nadu,5.499347187,7.050900573,611,41.91188088,5.514122818
Theni,23,33,Tamil Nadu,6.506931902,7.513528535,624,45.83083976,6.525005819
Thiruvallur,1,33,Tamil Nadu,20.13990505,20.18082121,602,70.15704623,20.1453818
Thiruvananthapuram,14,32,Kerala,15.98526922,16.61105059,601,50.77708176,15.9928138
Thiruvarur,18,33,Tamil Nadu,8.715420619,8.928035915,619,67.86127,8.708615396
Thoothukkudi,26,33,Tamil Nadu,8.888412373,9.222759832,627,47.68617438,8.898991178
Thoubal,5,14,Manipur,3.104280555,5.921855514,276,64.51090483,3.10930114
Thrissur,7,32,Kerala,11.28065664,12.08013326,594,55.23007376,11.29077883
Tikamgarh,7,23,Madhya Pradesh,3.565894904,5.953282528,424,73.39895725,3.560887388
Tinsukia,10,18,Assam,7.732396268,9.638301515,309,66.20346919,7.737480592
Tirap,10,12,Arunanchal Pradesh,0.096429513,3.608692765,254,65.92961826,0.0976051
Tiruchirappalli,13,33,Tamil Nadu,11.07038494,11.15364833,614,57.74023543,11.07461171
Tirunelveli,27,33,Tamil Nadu,10.36502883,10.83458646,628,47.87696023,10.36951797
Tiruppur,32,33,Tamil Nadu,11.50644684,11.87092488,633,53.94295075,11.5122229
Tiruvannamalai,5,33,Tamil Nadu,8.014063826,8.385431748,606,58.52875777,8.019949227
Tonk,22,8,Rajasthan,2.923292721,5.683026259,120,76.15745513,2.915896935
Tuensang,7,13,Nagaland,0.07218836,3.602233712,267,65.51478087,0.072881437
Tumkur,17,29,Karnataka,7.2181974,7.647655425,571,59.43872278,7.221520393
Udaipur,32,8,Rajasthan,3.85607387,6.471656658,130,69.73670404,3.858469422
Udalguri,27,18,Assam,2.288709564,5.202992805,326,71.55704427,2.282215323
Udham Singh Nagar,12,5,Uttarakhand,14.63154195,15.24276585,67,74.16201231,14.63043156
Udhampur,19,1,Jammu & Kashmir,3.556674399,6.064279851,19,68.52475994,3.555046623
Udupi,15,29,Karnataka,5.471021719,6.815561473,569,68.47425266,5.475707347
Ujjain,18,23,Madhya Pradesh,3.479556958,7.99767443,435,72.76734886,3.480266835
Ukhrul,8,14,Manipur,0.062893355,4.610689073,279,62.61152419,0.062950105
Umaria,14,23,Madhya Pradesh,1.454614968,4.446708562,431,65.67880699,1.462773951
Una,7,2,Himachal Pradesh,10.02462292,10.5133258,29,69.17680296,10.0352471
Unnao,25,9,Uttar Pradesh,2.397771727,6.119251097,156,73.37032304,2.398144087
Upper Siang,8,12,Arunanchal Pradesh,0,3.570264879,252,60.26565024,0
Upper Subansiri,5,12,Arunanchal Pradesh,0.027778901,3.594803242,249,58.88474352,0.027415104
Uttar Bastar Kanker,14,22,Chhattisgarh,1.250531987,5.198614042,413,64.61994503,1.247688564
Uttar Dinajpur,4,19,West Bengal,8.07104933,8.245806244,330,70.19032661,8.069666599
Uttara Kannada,9,29,Karnataka,2.375401117,5.094037933,563,71.31995823,2.378819365
Uttarkashi,1,5,Uttarakhand,0.301585571,3.85004109,56,75.36657255,0.301505204
Vadodara,19,24,Gujarat,7.937751224,9.743478151,486,70.09820295,7.937996477
Vaishali,18,10,Bihar,4.980581951,6.898362374,220,68.17408706,4.969497838
Valsad,24,24,Gujarat,9.4507385,10.71878225,491,76.59677585,9.459114424
Varanasi,66,9,Uttar Pradesh,12.59912715,13.88711605,197,65.64000619,12.59742219
Vellore,4,33,Tamil Nadu,10.59847781,11.03886507,605,58.0163506,10.59980621
Vidisha,26,23,Madhya Pradesh,1.405565465,5.312102671,443,73.30414412,1.406279822
Viluppuram,6,33,Tamil Nadu,9.994797871,10.15834713,607,59.1004211,9.99508083
Virudunagar,24,33,Tamil Nadu,8.539106177,8.901868891,625,46.50869057,8.55104682
Visakhapatnam,13,28,Andhra Pradesh,6.002792573,8.34219478,544,71.63259354,6.008030063
Vizianagaram,12,28,Andhra Pradesh,5.118732255,6.432867753,543,68.27469403,5.120325553
Warangal,9,28,Andhra Pradesh,7.191880318,8.315420949,540,70.91925239,7.189518026
Wardha,8,27,Maharashtra,5.176722805,6.48975718,504,67.95304951,5.186104773
Washim,6,27,Maharashtra,4.328373241,5.646865373,502,65.88467856,4.336468193
Wayanad,3,32,Kerala,4.680102586,5.981022906,590,53.0855573,4.688503329
West,7,7,NCT of Delhi,62.4520505,62.56508497,96,71.94097029,62.56508497
West,2,11,Sikkim,1.610306402,4.394116827,242,69.73644919,1.603382289
West Garo Hills,1,17,Meghalaya,0.430421384,4.619820949,293,65.84303538,0.43270473
West Godavari,15,28,Andhra Pradesh,8.356044309,8.832179713,546,73.3577161,8.357989331
West Kameng,2,12,Arunanchal Pradesh,0.152409376,3.819094437,246,71.2333709,0.151512968
West Khasi Hills,4,17,Meghalaya,0.454960394,4.925228673,296,64.52391444,0.45442927
West Nimar,23,23,Madhya Pradesh,1.341445648,5.265519435,440,72.48061441,1.343600035
West Siang,6,12,Arunanchal Pradesh,0.040379637,3.529845797,250,58.91878859,0.040362646
West Tripura,1,16,Tripura,9.14189033,10.35725267,289,63.37553011,9.147335407
Wokha,4,13,Nagaland,0.373903887,4.059690778,264,68.28117122,0.37454252
Y.s.r.,20,28,Andhra Pradesh,4.930609723,6.663769243,551,64.52140697,4.938553855
Yadgir,26,29,Karnataka,5.885321554,6.258005379,580,67.32972162,5.892722349
Yamunanagar,3,6,Haryana,14.60745937,14.80551556,71,72.39336923,14.60542323
Yanam,1,34,Puducherry,27.22596328,27.19430756,634,77.52761257,27.19430756
Yavatmal,14,27,Maharashtra,5.068315132,6.191811531,510,65.79949628,5.077998062
Zunheboto,3,13,Nagaland,0.28124459,4.037846208,263,67.26168491,0.279711479
