DISTRICT,DT_CEN_CD,ST_CEN_CD,ST_NM,avg_lights_x_pct,avg_vis,censuscode,cf_cvg,stable_lights
Data Not Available,99,99,Jammu & Kashmir,0.2967906256,2.9798049299,0,44.0469390272,0.4298452498
Kupwara,1,1,Jammu & Kashmir,0.0884039234,2.6481553849,1,48.4893819155,0.2045805722
Badgam,2,1,Jammu & Kashmir,1.487528207,4.0203731821,2,46.3961807353,1.9864940116
Leh (ladakh),3,1,Jammu & Kashmir,0.0797803935,2.4818147836,3,48.6980601817,0.0186738724
Kargil,4,1,Jammu & Kashmir,0.0803849124,2.6855449738,4,47.4538943785,0.0584229899
Punch,5,1,Jammu & Kashmir,0.2612891315,2.978893559,5,47.3494910296,0.8108574112
Rajouri,6,1,Jammu & Kashmir,0.4875115342,3.3410933417,6,49.0203988195,1.513366403
Kathua,7,1,Jammu & Kashmir,2.8182446978,5.3596854927,7,51.3171490227,3.9490400018
Baramula,8,1,Jammu & Kashmir,1.2654977486,3.9766771863,8,48.9189867214,2.0643007162
Bandipore,9,1,Jammu & Kashmir,0.0528337817,2.6893576639,9,47.7544436637,0.0506110415
Srinagar,10,1,Jammu & Kashmir,3.7234466913,6.2171648982,10,47.985346847,4.6900875115
Ganderbal,11,1,Jammu & Kashmir,0.0397730532,2.7072681183,11,44.1949041274,0.008278193
Pulwama,12,1,Jammu & Kashmir,0.714607177,3.6079791887,12,50.1326721216,2.0364061304
Shupiyan,13,1,Jammu & Kashmir,0.185302824,2.9278361118,13,50.6062712753,0.4641545914
Anantnag,14,1,Jammu & Kashmir,0.1642770795,2.7424942058,14,47.6584661303,0.3570897494
Kulgam,15,1,Jammu & Kashmir,0.0618520581,2.6815124419,15,43.4432676037,0.1912368502
Doda,16,1,Jammu & Kashmir,0.4026390236,2.8330980788,16,48.2942458227,0.5910936828
Ramban,17,1,Jammu & Kashmir,0.3542129516,3.0130186136,17,50.4905389306,0.8410221648
Kishtwar,18,1,Jammu & Kashmir,0.0680000761,2.6260788932,18,46.4456951101,0.0496665446
Udhampur,19,1,Jammu & Kashmir,1.1473366569,3.7205380583,19,50.5615950948,1.7059677076
Reasi,20,1,Jammu & Kashmir,0.9200577867,3.4676090171,20,49.3455202595,1.5211880866
Jammu,21,1,Jammu & Kashmir,12.2339687646,14.0657481103,21,51.7942171548,13.9227375122
Samba,22,1,Jammu & Kashmir,6.2822613009,8.5238647979,22,54.5152082142,8.0110502821
Chamba,1,2,Himachal Pradesh,0.2867231927,2.8976618499,23,46.8567523175,0.6262447046
Kangra,2,2,Himachal Pradesh,1.8270318332,4.8583330758,24,50.6083378113,3.8647818618
Lahul & Spiti,3,2,Himachal Pradesh,0.0562349282,2.8090826055,25,52.7200213666,0.0072213812
Kullu,4,2,Himachal Pradesh,0.6211344103,3.3639841362,26,52.4448995606,1.0165215282
Mandi,5,2,Himachal Pradesh,1.6756756335,4.660912168,27,54.7353906016,3.0910907641
Hamirpur,6,2,Himachal Pradesh,2.5376108953,6.2861615178,28,54.8512978835,6.2310492691
Una,7,2,Himachal Pradesh,4.6370968993,7.6713340316,29,55.292449548,7.4325281726
Bilaspur,8,2,Himachal Pradesh,4.8245435986,7.9214988023,30,56.9835963976,7.8520798391
Solan,9,2,Himachal Pradesh,6.7546887072,9.7706610597,31,56.7088309036,9.7323508466
Sirmaur,10,2,Himachal Pradesh,1.8704497677,5.0323196576,32,55.809438912,3.791643348
Shimla,11,2,Himachal Pradesh,0.9894588346,3.9093768356,33,54.9850652416,1.9529094838
Kinnaur,12,2,Himachal Pradesh,0.1643193165,2.8718704329,34,58.05918013,0.2075318392
Gurdaspur,1,3,Punjab,11.3904294723,12.8325485772,35,55.4631456304,12.7533966026
Kapurthala,2,3,Punjab,10.2028802579,12.6122799916,36,59.0683803711,12.6122799916
Jalandhar,3,3,Punjab,14.5180553756,16.1201308812,37,60.4966197488,16.1201308812
Hoshiarpur,4,3,Punjab,7.2329291721,9.7607459378,38,55.9187833198,9.5839690597
Shahid Bhagat Singh Nagar,5,3,Punjab,8.3951036219,10.8733771051,39,57.7403301704,10.8320028345
Fatehgarh Sahib,6,3,Punjab,11.5599134129,13.6145489821,40,61.5715164962,13.6145489821
Ludhiana,7,3,Punjab,15.9180517338,17.5239930139,41,61.2171013341,17.5239930139
Moga,8,3,Punjab,10.3896613797,12.5945672916,42,60.2097551721,12.5945672916
Firozpur,9,3,Punjab,8.3570694177,11.324274605,43,54.9455184955,11.324274605
Muktsar,10,3,Punjab,8.2025138863,11.4726521118,44,57.2478092919,11.4726521118
Faridkot,11,3,Punjab,9.6149588416,12.4305380104,45,56.0828917932,12.4305380104
Bathinda,12,3,Punjab,10.101831935,12.8796699906,46,60.1497339817,12.8796699906
Mansa,13,3,Punjab,6.5745842891,10.1632581746,47,63.3318911691,10.1632581746
Patiala,14,3,Punjab,11.5743115122,13.8693050491,48,62.7569159597,13.8693050491
Amritsar,15,3,Punjab,15.5745402254,16.6898131606,49,52.6254170523,16.6898131606
Tarn Taran,16,3,Punjab,12.393386788,13.7499612757,50,54.8711604434,13.7499612757
Rupnagar,17,3,Punjab,8.6470649584,11.0495681844,51,58.0891085809,10.9881391309
Sahibzada Ajit Singh Nagar,18,3,Punjab,19.5301993106,20.4608910969,52,59.0713718545,20.4608910969
Sangrur,19,3,Punjab,9.3587329383,12.0936998455,53,65.0105343165,12.0936998455
Barnala,20,3,Punjab,9.0692017158,11.9298140079,54,65.3188232284,11.9298140079
Chandigarh,1,4,Chandigarh,60.1984949722,60.1650081905,55,57.6395198161,60.1650081905
Uttarkashi,1,5,Uttarakhand,0.3774245013,3.0927318009,56,59.3090647039,0.467523083
Chamoli,2,5,Uttarakhand,0.2618561035,2.9679351625,57,55.0711792573,0.3883154154
Rudraprayag,3,5,Uttarakhand,0.2475713952,2.9825402783,58,61.1259146995,0.6901471089
Tehri Garhwal,4,5,Uttarakhand,1.623720309,4.5521862559,59,61.1816611408,3.0831604633
Dehradun,5,5,Uttarakhand,6.8481403248,9.2164542345,60,56.4787065792,7.8251997247
Garhwal,6,5,Uttarakhand,1.0501658195,3.8658945251,61,63.5252333594,1.6312769654
Pithoragarh,7,5,Uttarakhand,0.5122012494,3.188968221,62,56.5935951895,0.2870114298
Bageshwar,8,5,Uttarakhand,0.8209315276,3.5448030915,63,60.5181581036,0.9087053737
Almora,9,5,Uttarakhand,1.4159899386,4.4202060777,64,64.1603916003,2.5840621094
Champawat,10,5,Uttarakhand,0.9962466612,3.5591549796,65,66.1594571535,0.3254288203
Nainital,11,5,Uttarakhand,3.0354495765,5.7019318895,66,66.5456652893,3.8355613288
Udham Singh Nagar,12,5,Uttarakhand,10.1886289003,11.9695434508,67,67.3424134738,11.6651018619
Hardwar,13,5,Uttarakhand,8.484004726,10.9661069724,68,59.5970652988,10.3656654362
Panchkula,1,6,Haryana,10.3690934892,12.6934296866,69,58.5662945477,12.2316704447
Ambala,2,6,Haryana,14.0406931218,15.4766530429,70,60.6923976249,15.4766530429
Yamunanagar,3,6,Haryana,9.6969017508,11.6979757789,71,57.4522159727,11.5515471418
Kurukshetra,4,6,Haryana,13.4143423812,14.7857087207,72,62.6624811718,14.7857087207
Kaithal,5,6,Haryana,8.6357365195,11.1394033059,73,63.3465485104,11.1394033059
Karnal,6,6,Haryana,10.9778235465,13.0569278322,74,64.6009582811,13.0569278322
Panipat,7,6,Haryana,17.3871772178,19.0106574441,75,67.6859149173,19.0106574441
Sonipat,8,6,Haryana,11.7556427568,14.2891903379,76,69.3074253083,14.2891903379
Jind,9,6,Haryana,7.5144328143,10.4961731604,77,67.7103323587,10.4961731604
Fatehabad,10,6,Haryana,7.7729921163,10.680155624,78,63.9508747769,10.680155624
Sirsa,11,6,Haryana,4.3360960397,8.2561362632,79,60.0383395308,8.2380032046
Hisar,12,6,Haryana,5.5677766244,9.1564298318,80,67.2312810748,9.1419877361
Bhiwani,13,6,Haryana,3.3443847756,7.3762735278,81,70.8994360285,7.3648627189
Rohtak,14,6,Haryana,7.9846387006,11.181553089,82,71.9684884951,11.181553089
Jhajjar,15,6,Haryana,6.6235331694,10.1934623834,83,74.7482715963,10.1934623834
Mahendragarh,16,6,Haryana,4.8720634271,8.763828588,84,72.5180400932,8.763828588
Rewari,17,6,Haryana,9.8966244395,12.7292937874,85,75.6926194853,12.7292937874
Gurgaon,18,6,Haryana,25.5108369556,26.4344289933,86,73.9401815073,26.4344289933
Mewat,19,6,Haryana,3.4045880427,7.0793752644,87,73.3201911613,6.9591241881
Faridabad,20,6,Haryana,26.8476189785,27.722612839,88,75.2202726575,27.722612839
Palwal,21,6,Haryana,9.0680085486,11.7366906894,89,74.5821183678,11.7350493087
North West,1,7,NCT of Delhi,48.6208372473,48.7486509325,90,72.2179733713,48.7486509325
North,2,7,NCT of Delhi,61.1417402876,61.15562476,91,74.7772705943,61.15562476
North East,3,7,NCT of Delhi,59.6668772917,59.6768664117,92,74.1520045332,59.6768664117
East,4,7,NCT of Delhi,63,63,93,73.4505071545,63
New Delhi,5,7,NCT of Delhi,63,63,94,73.3078812064,63
Central,6,7,NCT of Delhi,63,63,95,73.1823529412,63
West,7,7,NCT of Delhi,60.304263227,60.3119243878,96,71.980371776,60.3119243878
South West,8,7,NCT of Delhi,48.8856251244,49.0457279976,97,72.2960253961,49.0457279976
South,9,7,NCT of Delhi,55.6332843813,55.6722545171,98,72.9051385701,55.6722545171
Ganganagar,1,8,Rajasthan,1.8378082902,5.8632820235,99,62.2910931723,5.3134637737
Hanumangarh,2,8,Rajasthan,2.0005933101,5.8251416323,100,61.7013033894,5.0821183786
Bikaner,3,8,Rajasthan,0.6563885677,3.6005837713,101,65.1944379348,1.5512148142
Churu,4,8,Rajasthan,0.8283387431,4.4307444134,102,65.4908394549,3.481787197
Jhunjhunun,5,8,Rajasthan,4.7587230964,8.7881069061,103,68.3626599823,8.7654646029
Alwar,6,8,Rajasthan,3.4741776705,7.3189047856,104,72.7822601529,6.995046142
Bharatpur,7,8,Rajasthan,2.2478990877,6.2362654222,105,73.7388953691,5.9862043809
Dhaulpur,8,8,Rajasthan,1.1727065388,4.4016149643,106,74.4380811312,2.9985019068
Karauli,9,8,Rajasthan,1.0774392504,4.2857352497,107,74.343603861,2.787278843
Sawai Madhopur,10,8,Rajasthan,0.7878257322,4.1151679172,108,70.6063874492,2.5722526917
Dausa,11,8,Rajasthan,2.8853843687,6.8154050476,109,71.6622859631,6.6588053176
Jaipur,12,8,Rajasthan,6.58549664,9.9048357421,110,69.8875711039,9.4657628375
Sikar,13,8,Rajasthan,3.3704059292,7.6092310872,111,66.679753336,7.5866637044
Nagaur,14,8,Rajasthan,1.0927567878,4.7284466888,112,66.6755484235,3.8359628596
Jodhpur,15,8,Rajasthan,1.2136859157,4.4223553378,113,67.6876858811,2.8897193516
Jaisalmer,16,8,Rajasthan,0.2046743201,2.9460577495,114,69.5506888363,0.4380994097
Barmer,17,8,Rajasthan,0.3661332027,3.2836196502,115,70.0239199208,0.7446118532
Jalor,18,8,Rajasthan,0.4350341741,3.6371625986,116,70.3601896259,1.1748450549
Sirohi,19,8,Rajasthan,1.5777589087,4.8476542725,117,69.8459918481,3.0097657821
Pali,20,8,Rajasthan,0.8526262282,4.3172604632,118,72.2885813339,2.9134893688
Ajmer,21,8,Rajasthan,2.5402606445,5.9368462392,119,68.054925728,4.8197984387
Tonk,22,8,Rajasthan,0.5924176632,3.860722165,120,67.3797920122,2.1051294556
Bundi,23,8,Rajasthan,1.4241592899,4.7163059701,121,68.2752184126,3.1222942323
Bhilwara,24,8,Rajasthan,0.9764799284,4.4509526656,122,69.2590759401,3.3206241661
Rajsamand,25,8,Rajasthan,2.2166895823,5.7213074385,123,69.3676251164,4.8315621817
Dungarpur,26,8,Rajasthan,0.5253031012,4.0822027965,124,68.8123506449,2.2457311437
Banswara,27,8,Rajasthan,0.6814541025,3.988610712,125,69.1414418955,1.8648234096
Chittaurgarh,28,8,Rajasthan,1.820534101,5.3217973742,126,67.4742963001,4.3826097779
Kota,29,8,Rajasthan,4.0663694718,7.4426549491,127,68.1977501611,6.7261729713
Baran,30,8,Rajasthan,1.2693653428,4.6347982268,128,68.5376035861,3.3308766363
Jhalawar,31,8,Rajasthan,0.9715296051,4.5134153091,129,68.0939671115,3.3384410377
Udaipur,32,8,Rajasthan,1.5067140916,4.6792777135,130,68.5617894653,2.5494104176
Pratapgarh,33,8,Rajasthan,0.63944595,3.7832720667,131,68.8413799245,1.4534166845
Saharanpur,1,9,Uttar Pradesh,3.8167832035,6.9743199332,132,58.4163291142,6.6372038217
Muzaffarnagar,2,9,Uttar Pradesh,2.8397381494,6.1534106511,133,63.2774311728,5.514552352
Bijnor,3,9,Uttar Pradesh,1.364017841,4.6682921036,134,63.1132028867,3.5527141699
Moradabad,4,9,Uttar Pradesh,3.1100446564,6.2200001138,135,66.2213090963,5.2641502224
Rampur,5,9,Uttar Pradesh,2.2572177764,5.418361268,136,69.2290593101,3.9971542154
Jyotiba Phule Nagar,6,9,Uttar Pradesh,1.5884013339,4.9276863201,137,65.2181895262,3.9779187745
Meerut,7,9,Uttar Pradesh,6.0671788526,9.1021452689,138,64.9863128985,8.6286761934
Baghpat,8,9,Uttar Pradesh,2.2444297664,5.9357568597,139,70.6883177798,5.756397322
Ghaziabad,9,9,Uttar Pradesh,11.5765253641,14.2225760998,140,67.5037850492,14.1374769818
Gautam Buddha Nagar,10,9,Uttar Pradesh,19.4477904394,21.4933885096,141,71.392509217,21.3988288697
Bulandshahr,11,9,Uttar Pradesh,1.9281364002,5.2434591157,142,67.7892637988,4.3589039889
Aligarh,12,9,Uttar Pradesh,2.5081317943,5.6816346319,143,68.5970440715,4.3543472034
Mahamaya Nagar,13,9,Uttar Pradesh,4.554741208,7.3928383058,144,68.472938064,6.5247617683
Mathura,14,9,Uttar Pradesh,5.7508431679,9.0524582096,145,73.6579436197,8.9175411774
Agra,15,9,Uttar Pradesh,6.7994789494,9.8612091201,146,71.2572604325,9.6296547241
Firozabad,16,9,Uttar Pradesh,3.3678702354,6.4681174372,147,69.8031516054,5.3563775704
Mainpuri,17,9,Uttar Pradesh,1.1852275696,4.2890720448,148,71.1682230982,2.573392275
Budaun,18,9,Uttar Pradesh,0.8045550911,3.8042367412,149,69.3848419983,1.4755359443
Bareilly,19,9,Uttar Pradesh,3.2933040929,6.3193172551,150,71.7950703147,5.4340875646
Pilibhit,20,9,Uttar Pradesh,2.0437966213,4.8820263751,151,69.6261312706,2.2223757031
Shahjahanpur,21,9,Uttar Pradesh,3.0034348671,5.7913928183,152,69.8106255388,2.8985243938
Kheri,22,9,Uttar Pradesh,2.0621709462,4.9102211624,153,68.0689868841,3.0527993384
Sitapur,23,9,Uttar Pradesh,1.3245783975,4.3633391663,154,69.0370576534,3.1584972648
Hardoi,24,9,Uttar Pradesh,0.9224084126,3.9394309822,155,72.1669769903,1.8525458218
Unnao,25,9,Uttar Pradesh,1.4398437768,4.5028165561,156,74.8883895915,2.7733353817
Lucknow,26,9,Uttar Pradesh,11.9359839304,14.3378671467,157,72.6992113669,14.1231784418
Rae Bareli,27,9,Uttar Pradesh,1.1965419117,4.2248919344,158,72.5885569648,2.4649531993
Farrukhabad,28,9,Uttar Pradesh,1.2505953862,4.2113211721,159,71.6622521078,1.9944310463
Kannauj,29,9,Uttar Pradesh,0.8419831454,3.8579167358,160,73.807643496,1.777164803
Etawah,30,9,Uttar Pradesh,1.6609999729,4.8189042641,161,74.309789911,3.5783713039
Auraiya,31,9,Uttar Pradesh,1.8663556644,5.0424697938,162,75.1847314758,4.0582563519
Kanpur Dehat,32,9,Uttar Pradesh,0.7702965155,3.8898769739,163,75.1517671712,2.1341174729
Kanpur Nagar,33,9,Uttar Pradesh,5.989269359,8.8474764369,164,75.9034829805,7.6915953053
Jalaun,34,9,Uttar Pradesh,0.6806283141,3.8602214655,165,74.8801624705,2.0123886746
Jhansi,35,9,Uttar Pradesh,1.9049710832,4.9802925494,166,71.6134000127,3.2625885928
Lalitpur,36,9,Uttar Pradesh,0.4138308427,3.3667930473,167,68.0772833667,0.7480173243
Hamirpur,37,9,Uttar Pradesh,0.4398481259,3.4817958475,168,72.9271485774,1.2180285264
Mahoba,38,9,Uttar Pradesh,0.6166977274,3.6119534949,169,72.7904151212,1.2813149437
Banda,39,9,Uttar Pradesh,0.4822676216,3.4949319745,170,76.0695097059,1.0933546306
Chitrakoot,40,9,Uttar Pradesh,0.5995631641,3.4740770633,171,76.3179296776,0.9444432385
Fatehpur,41,9,Uttar Pradesh,0.8076060626,3.8451007106,172,76.8846621021,1.7701578762
Pratapgarh,42,9,Uttar Pradesh,0.834770618,3.8252769029,173,70.6603251242,1.3606387805
Kaushambi,43,9,Uttar Pradesh,2.1743161749,5.1882666539,174,70.6311375294,3.9289845821
Allahabad,44,9,Uttar Pradesh,3.3842168843,6.3857423667,175,68.5834552046,5.3206464858
Bara Banki,45,9,Uttar Pradesh,1.3031310499,4.3849677376,176,67.6432087664,3.249268702
Faizabad,46,9,Uttar Pradesh,2.1638763261,5.0539740721,177,69.3964046568,2.8286276818
Ambedkar Nagar,47,9,Uttar Pradesh,1.4306666545,4.5051604834,178,73.2971159022,2.2749501374
Sultanpur,48,9,Uttar Pradesh,0.7813105379,3.7644371227,179,71.7569262224,1.1885006657
Bahraich,49,9,Uttar Pradesh,0.6876511874,3.5496472171,180,65.1661976423,1.1591227239
Shrawasti,50,9,Uttar Pradesh,0.6087500544,3.4878920216,181,67.0346742254,0.7159907117
Balrampur,51,9,Uttar Pradesh,1.4285506049,4.2157115925,182,69.076049104,1.3383630146
Gonda,52,9,Uttar Pradesh,1.9470707062,4.9213138023,183,69.0657991239,3.1187185897
Siddharth Nagar,53,9,Uttar Pradesh,2.4535893649,5.3577775269,184,71.128454413,1.296322714
Basti,54,9,Uttar Pradesh,1.9109578905,4.9677249525,185,70.7480912774,2.2999519308
Sant Kabir Nagar,55,9,Uttar Pradesh,1.772260282,4.7511102269,186,71.3538611118,1.2617507611
Maharajganj,56,9,Uttar Pradesh,2.6129208077,5.4988901404,187,72.2022368416,1.7972402041
Gorakhpur,57,9,Uttar Pradesh,4.2583401561,7.1050675356,188,71.4347611992,4.5568060156
Kushinagar,58,9,Uttar Pradesh,1.2698725734,4.4912758821,189,69.5972125646,2.2811965039
Deoria,59,9,Uttar Pradesh,2.3751159726,5.4712814227,190,71.4525191218,2.2737127435
Azamgarh,60,9,Uttar Pradesh,1.0368568477,4.1882609642,191,72.3758898244,1.6994090463
Mau,61,9,Uttar Pradesh,1.6646932942,4.8092626197,192,72.0040054476,2.8963182682
Ballia,62,9,Uttar Pradesh,1.1892623925,4.3193443514,193,71.6298121829,1.5759340527
Jaunpur,63,9,Uttar Pradesh,1.1188864851,4.2330435749,194,70.1606905551,1.5861767351
Ghazipur,64,9,Uttar Pradesh,0.7511079729,3.9444183111,195,69.6228889074,1.1416561162
Chandauli,65,9,Uttar Pradesh,2.088304534,5.0770883012,196,64.6125679482,2.7349991291
Varanasi,66,9,Uttar Pradesh,8.0632518579,10.8746110558,197,66.9027149676,9.7582804944
Sant Ravi Das Nagar(bhadohi),67,9,Uttar Pradesh,3.3894807888,6.3329445836,198,66.8498250626,4.6539735349
Mirzapur,68,9,Uttar Pradesh,1.0165783196,3.8952205709,199,65.3914506768,1.2855966423
Sonbhadra,69,9,Uttar Pradesh,1.8278493162,4.541076238,200,59.275223045,1.8957174191
Etah,70,9,Uttar Pradesh,1.0922432011,4.3039382282,201,68.2008119006,2.482485161
Kansiram Nagar,71,9,Uttar Pradesh,0.5293889357,3.4911101225,202,68.8597351346,0.9591822221
Pashchim Champaran,1,10,Bihar,0.7130694663,3.5205020854,203,66.6379933467,0.4768459348
Purba Champaran,2,10,Bihar,0.5440794242,3.5538066722,204,67.051204494,0.6520829888
Sheohar,3,10,Bihar,0.4933467253,3.6478945281,205,66.8280026723,0.8055178605
Sitamarhi,4,10,Bihar,0.6289284972,3.6330198305,206,67.0238448748,0.7211871742
Madhubani,5,10,Bihar,0.7073251583,3.8381664485,207,71.3939605395,1.7943160079
Supaul,6,10,Bihar,0.7024197524,3.8037410441,208,73.4786076958,1.8351083761
Araria,7,10,Bihar,0.5748735863,3.570457999,209,68.5016882924,1.4188459001
Kishanganj,8,10,Bihar,0.7338301866,3.6624235292,210,63.1479835096,1.4559115316
Purnia,9,10,Bihar,1.0543093373,4.1196478102,211,65.0137957497,2.356198658
Katihar,10,10,Bihar,0.5777259709,3.5975517118,212,61.4478459467,1.3979519585
Madhepura,11,10,Bihar,0.6718823653,3.7612566878,213,71.1410155825,1.5638530029
Saharsa,12,10,Bihar,0.8522681848,3.8495964283,214,70.8252618999,1.5633620086
Darbhanga,13,10,Bihar,1.2366829051,4.259048137,215,69.9320122402,2.047962783
Muzaffarpur,14,10,Bihar,1.7239993609,4.8335640375,216,68.4200050818,2.4773432745
Gopalganj,15,10,Bihar,0.9845025644,4.1697649735,217,69.5023523316,1.3562819137
Siwan,16,10,Bihar,0.652831308,3.8364899547,218,69.0023465991,0.8536436074
Saran (chhapra),17,10,Bihar,1.3550335907,4.4277910663,219,65.0871201804,1.940383625
Vaishali,18,10,Bihar,1.7245492126,4.845069678,220,66.5887645235,2.8306900442
Samastipur,19,10,Bihar,0.7360236756,3.7915837412,221,68.4088914897,1.1969881881
Begusarai,20,10,Bihar,2.6077546395,5.4256249168,222,67.3063130106,3.2472986205
Khagaria,21,10,Bihar,0.5271487848,3.4664828474,223,68.1008833915,0.8080568238
Bhagalpur,22,10,Bihar,2.3711241185,5.3334931393,224,64.3789673027,3.5455405168
Banka,23,10,Bihar,0.2748196298,3.1866994337,225,58.9723208207,0.5004181145
Munger,24,10,Bihar,1.5493932105,4.2870402843,226,65.1190398762,1.7628448333
Lakhisarai,25,10,Bihar,0.6070996563,3.4605030748,227,65.1779073875,0.7414381875
Sheikhpura,26,10,Bihar,0.7544554666,3.6486008738,228,64.8157289131,1.2638876316
Nalanda,27,10,Bihar,1.2201868119,4.1608508953,229,63.7564072499,1.7998561691
Patna,28,10,Bihar,4.7886778359,7.4865068695,230,65.9789950003,5.6678396116
Bhojpur,29,10,Bihar,1.165440596,4.1050068348,231,66.5127455548,0.8814617326
Buxar,30,10,Bihar,1.7988062257,4.8174672396,232,70.4559331096,0.7180980227
Kaimur (bhabua),31,10,Bihar,1.6547960546,4.4685570773,233,63.4878076977,0.9006346478
Rohtas,32,10,Bihar,2.8309970374,5.6873805748,234,64.959114485,1.8162095748
Aurangabad,33,10,Bihar,0.3010692068,3.2871820412,235,62.2964807514,0.5033675127
Gaya,34,10,Bihar,0.7329022269,3.6110520827,236,57.8350800882,0.9068767899
Nawada,35,10,Bihar,0.3578222526,3.2234312431,237,59.605693665,0.327500043
Jamui,36,10,Bihar,0.3188611407,3.0851457056,238,60.5598005264,0.2767610872
Jehanabad,37,10,Bihar,0.726668432,3.7570966054,239,61.8041206096,1.1482340245
Arwal,38,10,Bihar,0.1274827652,3.0284744864,240,61.8558167609,0.0521841719
North,1,11,Sikkim,0.0927067856,2.9465920232,241,61.3635545357,0.0936202037
West,2,11,Sikkim,0.357976812,3.2107635035,242,59.0935006893,1.2121844034
South,3,11,Sikkim,1.2210856511,4.2067045729,243,61.2494164872,3.0765331775
East,4,11,Sikkim,1.7548279081,4.5297337733,244,59.2788549621,3.0522880789
Tawang,1,12,Arunanchal Pradesh,0.1186069474,2.9621797787,245,68.435934263,0.0521828104
West Kameng,2,12,Arunanchal Pradesh,0.136353672,2.8243455659,246,69.9019847872,0.1252800139
East Kameng,3,12,Arunanchal Pradesh,0.0608281653,2.7348492752,247,68.6190561357,0.0059899427
Papum Pare,4,12,Arunanchal Pradesh,0.5505656311,3.1029243038,248,66.8342096446,0.6160199821
Upper Subansiri,5,12,Arunanchal Pradesh,0.0835111185,2.687822646,249,59.8464994122,0.0167079174
West Siang,6,12,Arunanchal Pradesh,0.0973779935,2.6047131319,250,59.7531825663,0.0230996774
East Siang,7,12,Arunanchal Pradesh,0.2086973132,2.5992295575,251,63.9362224532,0.0931808938
Upper Siang,8,12,Arunanchal Pradesh,0.0731052864,2.5764783063,252,59.7286522004,0.0031082372
Changlang,9,12,Arunanchal Pradesh,0.27699845,2.6437665938,253,64.7839008433,0.3279769018
Tirap,10,12,Arunanchal Pradesh,0.1752122948,2.7479585061,254,64.2254467382,0.1199014299
Lower Subansiri,11,12,Arunanchal Pradesh,0.1974429329,2.6550301766,255,62.7514235215,0.1832200484
Kurung Kumey,12,12,Arunanchal Pradesh,0.0770229128,2.8167221057,256,64.404562205,0
Dibang Valley,13,12,Arunanchal Pradesh,0.1215917484,2.7540406984,257,64.5253702021,0
Lower Dibang Valley,14,12,Arunanchal Pradesh,0.132175433,2.7165391142,258,62.4191213828,0.0131279319
Lohit,15,12,Arunanchal Pradesh,0.2239170599,2.7367138123,259,62.2826202962,0.2069832119
Anjaw,16,12,Arunanchal Pradesh,0.1344891042,2.589514815,260,66.3362513762,0
Mon,1,13,Nagaland,0.2184346516,2.8173832806,261,65.2592037092,0.1276275934
Mokokchung,2,13,Nagaland,0.4925167257,3.2088967171,262,65.6678552691,0.7188727327
Zunheboto,3,13,Nagaland,0.2060126056,2.8624635034,263,62.8096255172,0.2149548617
Wokha,4,13,Nagaland,0.2286084962,2.7281814893,264,63.7938044315,0.232129773
Dimapur,5,13,Nagaland,3.9454175295,6.4099723922,265,64.2609685122,4.9007610804
Phek,6,13,Nagaland,0.381262248,2.9353969337,266,62.1143309026,0.1047689931
Tuensang,7,13,Nagaland,0.1561532211,2.7859542925,267,65.0127307393,0.0862741793
Longleng,8,13,Nagaland,0.1723046429,2.8886657362,268,67.6598229221,0.0742672363
Kiphire,9,13,Nagaland,0.1926718272,2.7296733623,269,63.7653443863,0.1121401561
Kohima,10,13,Nagaland,1.0496287804,3.6533950794,270,58.9976548227,1.1689818039
Peren,11,13,Nagaland,0.3190597202,2.8907060349,271,64.048281265,0.2110270628
Senapati,1,14,Manipur,0.490066875,3.1571487323,272,63.5595537778,0.4620142693
Tamenglong,2,14,Manipur,0.161201726,2.8059043953,273,65.9683606435,0.0324212032
Churachandpur,3,14,Manipur,0.2273353455,2.8137536411,274,61.2546373307,0.1019206137
Bishnupur,4,14,Manipur,0.9015896036,3.7872837299,275,66.0497540613,2.407660051
Thoubal,5,14,Manipur,0.8928967857,3.8078358769,276,65.376926934,2.0647432683
Imphal West,6,14,Manipur,0.3141299474,2.9143881531,277,60.4884009101,0.4793410254
Imphal East,7,14,Manipur,3.8018933182,6.3590108044,278,68.4125226542,5.6247742867
Ukhrul,8,14,Manipur,0.3942307155,2.8476801957,279,60.8139803317,0.0751419765
Chandel,9,14,Manipur,0.4992110468,3.0218144687,280,61.7249636939,0.095909751
Mamit,1,15,Mizoram,0.4967572282,3.0763362183,281,59.2848724081,0.0939416665
Kolasib,2,15,Mizoram,0.6642040916,3.3597940302,282,58.1642911428,0.6320827702
Aizawl,3,15,Mizoram,1.0599121859,3.6930588202,283,60.5178030496,0.8059586188
Champhai,4,15,Mizoram,0.3779395362,3.0157884286,284,59.5263039358,0.0948463995
Serchhip,5,15,Mizoram,0.7518487371,3.4099344759,285,60.9275482721,0.3476610969
Lunglei,6,15,Mizoram,0.3823103721,3.0250754805,286,63.7506729731,0.091957809
Lawngtlai,7,15,Mizoram,0.8535473118,3.4307692308,287,64.9746752742,0.0616302403
Saiha,8,15,Mizoram,0.2190690542,2.8453924689,288,62.8971785936,0.0750606813
West Tripura,1,16,Tripura,3.5297501383,6.1445385615,289,59.3505574717,5.1777386677
South Tripura,2,16,Tripura,0.9638020591,3.8968671711,290,60.9631197632,2.2343020142
Dhalai,3,16,Tripura,0.7315692423,3.4148930224,291,60.8499601262,1.0553597841
North Tripura,4,16,Tripura,1.3276727028,4.0561676799,292,60.0028591348,2.0740361477
West Garo Hills,1,17,Meghalaya,0.5616486445,3.4297468251,293,65.27520198,0.8148777611
East Garo Hills,2,17,Meghalaya,0.6827977846,3.4069697295,294,62.6647604724,0.6408934459
South Garo Hills,3,17,Meghalaya,0.1977615731,2.9756710574,295,64.0412648331,0.3145026801
West Khasi Hills,4,17,Meghalaya,0.3625210267,2.987857861,296,58.8671129033,0.1886446345
Ribhoi,5,17,Meghalaya,1.7188588764,4.3338065537,297,59.2097874133,1.5552686796
East Khasi Hills,6,17,Meghalaya,2.1302902374,4.7982527267,298,55.9057273539,2.6705318141
Jaintia Hills,7,17,Meghalaya,0.6929855092,3.3742040738,299,60.132953464,1.0012611662
Kokrajhar,1,18,Assam,0.5360985028,3.4701785291,300,70.0189174599,1.3671705261
Dhubri,2,18,Assam,0.4662511105,3.4084812566,301,66.29572519,1.3112410306
Goalpara,3,18,Assam,0.9307109729,3.9021500533,302,66.1125504857,2.3717039773
Barpeta,4,18,Assam,0.7476322601,3.535923616,303,65.4340974511,1.5107304138
Morigaon,5,18,Assam,0.8863360804,3.7951545114,304,66.0547242345,1.9404158512
Nagaon,6,18,Assam,1.1450017902,4.0127217876,305,65.6067653245,2.4218407674
Sonitpur,7,18,Assam,0.949771787,3.7073988857,306,68.2685021208,1.6593492481
Lakhimpur,8,18,Assam,0.5324729385,3.1704841704,307,64.8220235811,0.5360353821
Dhemaji,9,18,Assam,0.324702577,3.0260295478,308,64.7675589395,0.2885066369
Tinsukia,10,18,Assam,4.2379998753,6.5820683362,309,65.2040401375,5.1767760419
Dibrugarh,11,18,Assam,5.8526344719,8.0405812139,310,67.1803741399,7.0401081533
Sivasagar,12,18,Assam,3.2653309185,5.7545744947,311,65.836379965,4.8766784894
Jorhat,13,18,Assam,1.3954092026,3.9326524954,312,63.0229462519,2.1917098446
Golaghat,14,18,Assam,1.6370524296,4.3018615392,313,64.3699153228,2.9007155227
Karbi Anglong,15,18,Assam,0.3945850129,3.0325091562,314,63.7174350753,0.4691528916
Dima Hasao,16,18,Assam,0.4748957918,3.0688741353,315,64.5450695637,0.4770075986
Cachar,17,18,Assam,0.9934220782,3.7638455059,316,61.939489668,1.8331195866
Karimganj,18,18,Assam,0.6016520786,3.4698590112,317,62.6016392826,1.2377793656
Hailakandi,19,18,Assam,0.8484934948,3.6837742415,318,61.2799644641,1.6111781936
Bongaigaon,20,18,Assam,1.0325238306,4.0218289119,319,68.570130424,2.525370708
Chirang,21,18,Assam,1.5711927878,4.2630899007,320,69.5099565551,2.2317668631
Kamrup,22,18,Assam,2.5455014008,5.2084475016,321,63.6886883842,3.6806904607
Kamrup Metropolitan,23,18,Assam,8.1828488896,10.4597825598,322,63.8431909903,9.4119812165
Nalbari,24,18,Assam,0.9983130486,3.9445601044,323,64.6543145711,2.3634120632
Baksa,25,18,Assam,0.473954656,3.3624933001,324,66.5342966876,0.9261176375
Darrang,26,18,Assam,1.1582496366,4.0081706424,325,65.1388225014,2.1225390981
Udalguri,27,18,Assam,0.691285877,3.6853582096,326,66.6517149037,2.0126554154
Darjiling,1,19,West Bengal,3.1553311314,5.9191751969,327,59.9247182687,4.8438765631
Jalpaiguri,2,19,West Bengal,1.840247107,4.7905568002,328,64.081869713,3.6497624474
Koch Bihar,3,19,West Bengal,1.1231096135,4.2396765424,329,63.4461200395,2.9567139739
Uttar Dinajpur,4,19,West Bengal,1.4641863172,4.6691131808,330,61.8147651346,4.104264621
Dakshin Dinajpur,5,19,West Bengal,1.0833938824,4.2218250878,331,62.6648968353,3.2213264912
Maldah,6,19,West Bengal,1.5787693538,4.6632272826,332,58.3193934418,3.6507766728
Murshidabad,7,19,West Bengal,2.2663508867,5.4117889651,333,54.3246212955,4.8850529092
Birbhum,8,19,West Bengal,2.3183819523,5.5978313801,334,57.5386265993,5.2370102656
Barddhaman,9,19,West Bengal,7.1146810879,9.7919848676,335,53.6780086254,9.5431740489
Nadia,10,19,West Bengal,4.0102707219,6.9552970668,336,53.6219252039,6.6456924351
North 24 Parganas,11,19,West Bengal,5.6813384245,8.1959598611,337,59.3486316743,7.1841330047
Hugli,12,19,West Bengal,8.4685778323,10.8702690466,338,54.0557364948,10.8373121915
Bankura,13,19,West Bengal,1.9294755096,5.1766387707,339,52.6173636514,4.2568714467
Puruliya,14,19,West Bengal,1.1342363156,4.3129260545,340,55.4569914213,2.477814765
Haora,15,19,West Bengal,14.37781103,16.1337561863,341,58.9616237381,16.1218103766
Kolkata,16,19,West Bengal,62.9952577834,62.9966409935,342,54.4835272962,62.9966409935
South 24 Parganas,17,19,West Bengal,5.2352107624,7.7815770282,343,61.5626300283,6.5287874314
Pashchim Medinipur,18,19,West Bengal,1.4907322499,4.6325547711,344,56.5174427288,3.092268785
Purba Medinipur,19,19,West Bengal,3.5049415428,6.490776078,345,61.9777588248,5.7423821627
Garhwa,1,20,Jharkhand,0.354287506,3.1753696165,346,58.5504312037,0.2682225138
Chatra,2,20,Jharkhand,0.3798671833,3.0807942108,347,56.7580829744,0.3841411066
Kodarma,3,20,Jharkhand,1.0734873429,3.9352799273,348,58.7645085199,1.6744799682
Giridih,4,20,Jharkhand,0.7505375824,3.6179639084,349,58.6541215502,0.998268971
Deoghar,5,20,Jharkhand,1.591176946,4.5219753285,350,57.8333718799,2.3744780498
Godda,6,20,Jharkhand,1.087466655,3.8887467299,351,58.3773735557,1.1835690538
Sahibganj,7,20,Jharkhand,0.9345088503,3.6897665111,352,57.8689195739,0.7623531928
Pakur,8,20,Jharkhand,0.7018399634,3.5321156717,353,58.2495745878,0.7929683156
Dhanbad,9,20,Jharkhand,11.3010766915,13.3107124818,354,55.2077222807,12.5964888228
Bokaro,10,20,Jharkhand,5.4187085022,8.0317309766,355,55.3116134186,6.5412014154
Lohardaga,11,20,Jharkhand,0.4139834305,3.2241608583,356,60.2150500006,0.3099214894
Purbi Singhbhum,12,20,Jharkhand,3.246096184,6.0820501324,357,56.7779973289,4.3040788716
Palamu,13,20,Jharkhand,0.4777039193,3.318672658,358,61.6729709235,0.5810246516
Latehar,14,20,Jharkhand,0.3309145801,3.0386400997,359,59.8681106274,0.1037736872
Hazaribagh,15,20,Jharkhand,1.6446281654,4.520918867,360,56.0650028851,2.3409033378
Ramgarh,16,20,Jharkhand,7.0685576676,9.3571846266,361,54.0174271366,8.4387501792
Dumka,17,20,Jharkhand,0.4420610725,3.3230016273,362,59.1441141709,0.4425707146
Jamtara,18,20,Jharkhand,0.9797523645,4.0083809167,363,55.9903799281,1.8275170874
Ranchi,19,20,Jharkhand,3.3906320473,6.1422451929,364,54.2120003476,4.0334163469
Khunti,20,20,Jharkhand,0.2641319272,3.0692145727,365,53.7132823112,0.2261697896
Gumla,21,20,Jharkhand,0.2157380657,2.988162505,366,61.5728230412,0.1352800513
Simdega,22,20,Jharkhand,0.1954063939,2.9981792858,367,60.2964427623,0.16510705
Pashchimi Singhbhum,23,20,Jharkhand,0.8999347846,3.645363984,368,55.5112699789,0.8789055624
Saraikela-kharsawan,24,20,Jharkhand,2.8690616802,5.7155134408,369,58.0766240646,4.025945975
Bargarh,1,21,Odisha,0.8488346154,3.7449861796,370,59.8709076312,1.409094249
Jharsuguda,2,21,Odisha,5.1736741741,7.788554541,371,59.6579701814,6.3017930973
Sambalpur,3,21,Odisha,1.52447284,4.2424034154,372,58.3761002379,1.7649435086
Debagarh,4,21,Odisha,0.3557651596,3.1789602515,373,61.8154343412,0.4218486273
Sundargarh,5,21,Odisha,1.8074892523,4.6672081692,374,60.3954634859,2.4429896191
Kendujhar,6,21,Odisha,1.234275096,3.9794140279,375,54.4374637601,1.5291336094
Mayurbhanj,7,21,Odisha,0.5534476435,3.4203533989,376,58.5889678306,0.902060871
Baleshwar,8,21,Odisha,1.8748922911,4.8477866688,377,61.2896644025,3.6173067543
Bhadrak,9,21,Odisha,1.1243922987,4.0926540156,378,62.2990972581,2.5571089499
Kendrapara,10,21,Odisha,1.1627733947,4.0947580696,379,64.6161992132,3.1149305741
Jagatsinghapur,11,21,Odisha,3.3044459527,6.1243781455,380,65.4443208035,5.564278685
Cuttack,12,21,Odisha,3.9748439107,6.6184256757,381,61.1895773843,5.6807543903
Jajapur,13,21,Odisha,3.8639029547,6.607846091,382,60.9975106397,6.1704469469
Dhenkanal,14,21,Odisha,1.3329769628,4.2352352999,383,59.5400831379,2.4218735518
Anugul,15,21,Odisha,2.5803944975,5.279520595,384,60.2554512249,3.0685377151
Nayagarh,16,21,Odisha,0.7784470456,3.5732923437,385,62.1531172086,1.0479680877
Khordha,17,21,Odisha,4.5292121672,7.1667498437,386,64.5373246829,6.4822305208
Puri,18,21,Odisha,1.2648672583,4.1157379917,387,63.6186749537,2.8685238388
Ganjam,19,21,Odisha,1.3692055629,4.1672839948,388,63.0198078412,2.2720623013
Gajapati,20,21,Odisha,0.391019806,3.161643887,389,64.4191147507,0.435281953
Kandhamal,21,21,Odisha,0.7304654512,3.3204500187,390,58.1689427398,0.1504770996
Bauda,22,21,Odisha,0.4239318699,3.1040240028,391,57.1758136251,0.1536866522
Subarnapur,23,21,Odisha,0.3563850859,3.2465348524,392,58.2764385935,0.6543170116
Balangir,24,21,Odisha,0.5484750726,3.4222491711,393,58.2129065136,0.7512283833
Nuapada,25,21,Odisha,0.7156728204,3.378215761,394,55.970722762,0.2519809813
Kalahandi,26,21,Odisha,0.7906763268,3.5195683486,395,54.3874172834,0.5586650692
Rayagada,27,21,Odisha,0.7037621645,3.3610714464,396,58.7752304903,0.4021949692
Nabarangapur,28,21,Odisha,0.2985383665,3.146329376,397,56.3682947844,0.2189322049
Koraput,29,21,Odisha,0.8649553464,3.6381131725,398,53.0304797002,0.7850529332
Malkangiri,30,21,Odisha,0.7836676226,3.5756497641,399,56.5235558136,0.2576316301
Koriya,1,22,Chhattisgarh,1.0452896042,3.7812554833,400,59.6644103642,1.1156400661
Surguja,2,22,Chhattisgarh,0.643700267,3.4544089414,401,59.8331504068,0.7018814965
Jashpur,3,22,Chhattisgarh,0.3735016801,3.2133812754,402,60.8138224632,0.4065191239
Raigarh,4,22,Chhattisgarh,2.4519845484,5.3728696586,403,60.2395831549,3.7891283233
Korba,5,22,Chhattisgarh,2.7341396073,5.4953041654,404,58.8341653365,3.2498761774
Janjgir-champa,6,22,Chhattisgarh,2.3713355919,5.7573421616,405,59.8826575162,5.6553582073
Bilaspur,7,22,Chhattisgarh,2.5334144084,5.6784924146,406,59.9827803846,4.4764979094
Kabeerdham,8,22,Chhattisgarh,1.3741391795,4.7109412566,407,61.9710081332,3.0278944667
Rajnandgaon,9,22,Chhattisgarh,1.1254783656,4.4395551329,408,62.7233624116,2.7997175706
Durg,10,22,Chhattisgarh,3.6654206818,7.1895143995,409,64.5510662267,6.7261512649
Raipur,11,22,Chhattisgarh,2.8291167187,5.8678912454,410,61.3022678563,4.424798677
Mahasamund,12,22,Chhattisgarh,0.9354417986,4.0813033791,411,60.9375069893,2.3686599292
Dhamtari,13,22,Chhattisgarh,1.0549614497,4.2597057873,412,65.1119269481,2.359688045
Uttar Bastar Kanker,14,22,Chhattisgarh,0.4941190859,3.4128218453,413,63.3079989004,0.6107247837
Bastar,15,22,Chhattisgarh,0.5066470328,3.394216589,414,55.3558855473,0.4717067801
Narayanpur,16,22,Chhattisgarh,0.7215834204,3.3170178839,415,60.86760471,0.057009563
Dakshin Bastar Dantewada,17,22,Chhattisgarh,0.6914066512,3.4679350341,416,59.802203917,0.4038664519
Bijapur,18,22,Chhattisgarh,0.9097754344,3.5556196633,417,61.1620589305,0.0322354035
Sheopur,1,23,Madhya Pradesh,0.4072204391,3.0554423608,418,71.2111193701,0.6723778503
Morena,2,23,Madhya Pradesh,0.9122138395,3.9242950708,419,73.3615329152,1.9074174719
Bhind,3,23,Madhya Pradesh,0.8399867432,3.994179101,420,72.895566778,2.1774616191
Gwalior,4,23,Madhya Pradesh,2.5486961669,5.4889759459,421,73.9022523842,3.6656368753
Datia,5,23,Madhya Pradesh,1.3788099486,4.6034814293,422,72.8885406961,3.2865331167
Shivpuri,6,23,Madhya Pradesh,0.3405814869,3.176694,423,74.5145681348,0.6503839031
Tikamgarh,7,23,Madhya Pradesh,0.5723688781,3.7869868692,424,69.5238874438,2.017971264
Chhatarpur,8,23,Madhya Pradesh,0.5314786478,3.5274400611,425,71.1449835839,1.3710114412
Panna,9,23,Madhya Pradesh,0.2783583583,3.0924072335,426,71.6307275746,0.3422377088
Sagar,10,23,Madhya Pradesh,1.1855323582,4.2892271498,427,67.9006169315,2.4133030637
Damoh,11,23,Madhya Pradesh,0.7178094186,3.6647437656,428,67.7317661647,1.3549433247
Satna,12,23,Madhya Pradesh,1.2294892181,4.304563234,429,71.9896223792,2.8050031434
Rewa,13,23,Madhya Pradesh,0.8800475694,3.8181504207,430,66.1094675028,1.695050391
Umaria,14,23,Madhya Pradesh,0.6669072134,3.5467078235,431,67.5288537369,1.0082078728
Neemuch,15,23,Madhya Pradesh,0.8923305087,4.0853747982,432,67.0041261243,2.4911989475
Mandsaur,16,23,Madhya Pradesh,0.7102853847,4.0251789494,433,66.1553029645,2.3857255544
Ratlam,17,23,Madhya Pradesh,1.5344194702,4.8810913305,434,68.1117767797,3.3998703989
Ujjain,18,23,Madhya Pradesh,2.3537999577,5.7360602532,435,66.9166308861,4.7794298734
Shajapur,19,23,Madhya Pradesh,0.5669826088,3.8042533206,436,66.8487859211,1.8478891013
Dewas,20,23,Madhya Pradesh,1.1094370203,4.3722589238,437,65.9709954794,2.6684069972
Dhar,21,23,Madhya Pradesh,1.363337345,4.6471688983,438,70.4577399234,3.1680553668
Indore,22,23,Madhya Pradesh,6.8719438126,10.0388656751,439,61.2069318976,9.5721308841
West Nimar,23,23,Madhya Pradesh,0.7115236367,3.9135179654,440,64.8904008739,1.9486873725
Barwani,24,23,Madhya Pradesh,0.597845926,3.7757574297,441,68.1451437928,1.7189126951
Rajgarh,25,23,Madhya Pradesh,0.3346517826,3.3944972257,442,67.1830949607,0.8901070132
Vidisha,26,23,Madhya Pradesh,0.7730061133,3.7231582151,443,68.8465858213,0.8300553496
Bhopal,27,23,Madhya Pradesh,7.3918854944,10.1943657574,444,65.9704090267,8.79603078
Sehore,28,23,Madhya Pradesh,1.2715992534,4.5303202861,445,65.3127339034,2.7167339844
Raisen,29,23,Madhya Pradesh,1.2309507406,4.2357438414,446,68.2255486491,1.6024187425
Betul,30,23,Madhya Pradesh,0.8017126168,3.7447821386,447,67.7218564947,1.313419729
Harda,31,23,Madhya Pradesh,1.624516138,4.7581816103,448,67.8338288193,3.1613069207
Hoshangabad,32,23,Madhya Pradesh,1.8006992834,4.8125519022,449,71.2131601482,2.9830220705
Katni,33,23,Madhya Pradesh,1.224723747,4.2003246377,450,68.5023445715,2.1751445652
Jabalpur,34,23,Madhya Pradesh,3.672797241,6.8214482371,451,68.699687326,6.0185337749
Narsimhapur,35,23,Madhya Pradesh,3.2322305618,6.3710282628,452,65.0952188496,5.4349591662
Dindori,36,23,Madhya Pradesh,0.4580793436,3.1979957545,453,64.27316093,0.0846839309
Mandla,37,23,Madhya Pradesh,0.6327369494,3.502699938,454,67.7640931257,0.871681874
Chhindwara,38,23,Madhya Pradesh,0.7847961739,3.8244190966,455,64.7500476426,1.7514910217
Seoni,39,23,Madhya Pradesh,0.6036581023,3.4941976786,456,66.4298080637,0.8301927315
Balaghat,40,23,Madhya Pradesh,0.6958133626,3.624759122,457,65.2450183698,1.0884313134
Guna,41,23,Madhya Pradesh,1.1937112335,4.2826860196,458,68.013063788,2.1255020757
Ashoknagar,42,23,Madhya Pradesh,0.5478494046,3.4933620925,459,72.334497663,0.7702842546
Shahdol,43,23,Madhya Pradesh,0.7471119127,3.6642236701,460,67.2968950051,1.229557949
Anuppur,44,23,Madhya Pradesh,1.3028143527,4.131605895,461,63.2557568794,1.802355791
Sidhi,45,23,Madhya Pradesh,0.4443183892,3.2359874453,462,61.3316744733,0.5145957226
Singrauli,46,23,Madhya Pradesh,1.7096050841,4.5041585173,463,60.4767749184,2.0865163517
Jhabua,47,23,Madhya Pradesh,0.2719866857,3.3832856478,464,69.0854188449,0.9852206279
Alirajpur,48,23,Madhya Pradesh,0.2593861326,3.2723305508,465,71.5001539284,0.6227758272
East Nimar,49,23,Madhya Pradesh,0.7408388019,3.6956956605,466,69.1080876672,1.1688559201
Burhanpur,50,23,Madhya Pradesh,1.3156826393,4.3011787213,467,66.4083745488,1.987224983
Kachchh,1,24,Gujarat,1.1423248849,3.9723263869,468,71.5592315356,1.9566917437
Banas Kantha,2,24,Gujarat,0.9182746782,4.4542794342,469,70.0122896821,2.7751612038
Patan,3,24,Gujarat,0.7932989375,4.1915811118,470,66.5418688406,2.1836010147
Mahesana,4,24,Gujarat,3.7350791653,7.389482611,471,64.1948619561,7.2466964039
Sabar Kantha,5,24,Gujarat,1.0391161565,4.9309771286,472,67.7491103527,4.0220899377
Gandhinagar,6,24,Gujarat,10.5878884852,13.1840413179,473,64.9171172811,13.1831270906
Ahmadabad,7,24,Gujarat,4.8793833207,7.9980658328,474,65.3731532181,7.0599166743
Surendranagar,8,24,Gujarat,1.3397151372,4.8536952478,475,67.4332217756,4.1071366971
Rajkot,9,24,Gujarat,3.31239501,6.6903625418,476,71.2273813552,6.6377302615
Jamnagar,10,24,Gujarat,3.4782349631,6.5243302452,477,72.2201114932,6.2678445848
Porbandar,11,24,Gujarat,3.5190891229,6.3263030511,478,68.9787413435,6.0996859362
Junagadh,12,24,Gujarat,3.2823167315,6.3027200733,479,72.4035779709,5.9390469512
Amreli,13,24,Gujarat,1.8102750631,5.2764481967,480,69.8363422027,5.141965633
Bhavnagar,14,24,Gujarat,2.227816939,5.8516461866,481,67.6399328545,5.5896699127
Anand,15,24,Gujarat,4.4274242963,7.693478601,482,60.9072172959,7.2525941797
Kheda,16,24,Gujarat,2.4248134147,6.2784632759,483,63.8491749236,5.8330575849
Panch Mahals,17,24,Gujarat,1.0197698665,4.7021611996,484,67.3123865827,3.5085421788
Dohad,18,24,Gujarat,0.461319327,4.0948942625,485,68.6268212639,2.9482573376
Vadodara,19,24,Gujarat,3.977711215,7.311329077,486,68.3960369095,6.7101369736
Narmada,20,24,Gujarat,0.9852691334,4.2418453286,487,69.1401693238,2.4243986178
Bharuch,21,24,Gujarat,5.4770725716,8.737463038,488,63.2816467547,8.4203788171
The Dangs,22,24,Gujarat,0.3067757236,3.2702399134,489,68.7354241651,0.5906412762
Navsari,23,24,Gujarat,2.6747411126,6.4332879774,490,65.2814052354,6.3242151423
Valsad,24,24,Gujarat,4.5920874755,7.7844064412,491,65.9621216571,7.2058260818
Surat,25,24,Gujarat,9.4470830116,12.3822597929,492,64.8670391296,12.0890276392
Tapi,26,24,Gujarat,1.8006473961,5.1466749373,493,67.5859921098,3.8603369476
Diu,1,25,Daman & Diu,15.8331469091,16.795785777,494,71.5310798946,16.7581211589
Daman,2,25,Daman & Diu,45.2686013987,45.4662075456,495,66.0588159808,45.4662075456
Dadra & Nagar Haveli,1,26,Dadara & Nagar Havelli,13.5974525128,15.79474071,496,65.5743170272,15.79474071
Nandurbar,1,27,Maharashtra,1.1660055795,4.3698310746,497,69.1294456398,2.7100077013
Dhule,2,27,Maharashtra,0.8509279037,4.1990362826,498,67.5901162068,2.6736760223
Jalgaon,3,27,Maharashtra,1.3060251905,5.0131263161,499,67.0518605117,4.5596052727
Buldana,4,27,Maharashtra,0.6057027101,4.0980557716,500,65.8899820777,3.3684993903
Akola,5,27,Maharashtra,1.2194700303,4.8704509169,501,69.6374178695,4.4633044547
Washim,6,27,Maharashtra,0.6046816014,4.1003563323,502,68.6639725993,3.5827358587
Amravati,7,27,Maharashtra,1.0438823309,4.4290577004,503,65.997448163,3.3044155065
Wardha,8,27,Maharashtra,1.1785943192,4.7694086669,504,64.6255280381,4.0685840069
Nagpur,9,27,Maharashtra,3.6262116828,6.9622791469,505,60.3770207994,6.188892016
Bhandara,10,27,Maharashtra,1.0560330068,4.725369863,506,61.8670977169,3.9881587012
Gondiya,11,27,Maharashtra,0.722556128,4.1337093797,507,62.7123811977,2.7629763182
Garhchiroli,12,27,Maharashtra,0.555828089,3.4816692702,508,62.0535188564,0.7658253202
Chandrapur,13,27,Maharashtra,1.650786221,4.9252437745,509,61.0290610496,3.5389782667
Yavatmal,14,27,Maharashtra,1.1574788214,4.7148785687,510,66.0630402322,4.0482578912
Nanded,15,27,Maharashtra,1.3697388456,5.089115909,511,64.8915557511,4.7265966746
Hingoli,16,27,Maharashtra,0.8967977255,4.4888935786,512,65.7837597116,3.8836106371
Parbhani,17,27,Maharashtra,1.0752851724,4.7305055287,513,63.6521201284,4.4906936557
Jalna,18,27,Maharashtra,0.8503830326,4.4280113427,514,68.241910229,4.037544277
Aurangabad,19,27,Maharashtra,2.1737013884,5.7135720643,515,68.4725441251,5.3720842401
Nashik,20,27,Maharashtra,2.2380564282,5.7027835626,516,68.571458218,5.0639482031
Thane,21,27,Maharashtra,6.3686018628,9.2992743863,517,68.4080005182,8.5766677573
Mumbai Suburban,22,27,Maharashtra,55.1467764546,55.1769796776,518,74.4695024527,55.1769796776
Mumbai,23,27,Maharashtra,46.6527936905,46.8613085863,519,75.0757949853,46.8613085863
Raigarh,24,27,Maharashtra,4.9123098946,7.97055786,520,68.2608740129,7.7175042765
Pune,25,27,Maharashtra,6.6145213777,9.8657274736,521,68.3742200294,9.6805136368
Ahmadnagar,26,27,Maharashtra,2.2732911093,5.8459732428,522,70.1706618746,5.5553811455
Bid,27,27,Maharashtra,1.6205422156,5.334326036,523,66.8375682034,5.1630289131
Latur,28,27,Maharashtra,1.850814704,5.6344999627,524,60.2668050035,5.592135752
Osmanabad,29,27,Maharashtra,1.4226522982,5.1185210478,525,63.1618551399,4.9613383244
Solapur,30,27,Maharashtra,2.639801978,6.3096605646,526,65.2377195332,6.2259934412
Satara,31,27,Maharashtra,1.9700275028,5.4345921955,527,65.1312058044,5.0247987161
Ratnagiri,32,27,Maharashtra,0.7706423443,4.0915733777,528,66.2667301397,3.3763479282
Sindhudurg,33,27,Maharashtra,0.5843380202,3.9107803501,529,63.2910789885,2.8388198126
Kolhapur,34,27,Maharashtra,4.3442661525,7.3446764822,530,62.9105559045,6.5242825621
Sangli,35,27,Maharashtra,2.4095280816,5.809626553,531,65.7478161653,5.2934144836
Adilabad,1,28,Andhra Pradesh,2.1002583352,5.5873611089,532,62.8598677868,4.5781198138
Nizamabad,2,28,Andhra Pradesh,4.7285258134,8.3215017691,533,65.3266199734,8.2526427895
Karimnagar,3,28,Andhra Pradesh,4.5691414203,8.1996007573,534,62.2249726263,7.8508505844
Medak,4,28,Andhra Pradesh,3.9582374598,8.1266643606,535,64.5889448525,8.1153918527
Hyderabad,5,28,Andhra Pradesh,62.9779582369,62.9814444864,536,63.4006443137,62.9814444864
Rangareddy,6,28,Andhra Pradesh,11.3443218733,14.4999403755,537,65.0183889666,14.4904136075
Mahbubnagar,7,28,Andhra Pradesh,1.6873234412,5.9130047827,538,63.2610570617,5.4663523117
Nalgonda,8,28,Andhra Pradesh,2.1037097263,6.3178179574,539,59.8014058449,6.200588615
Warangal,9,28,Andhra Pradesh,2.458949907,6.2593434098,540,59.1511801552,5.280461006
Khammam,10,28,Andhra Pradesh,1.9580324033,5.3259342274,541,60.5267627235,3.3930318999
Srikakulam,11,28,Andhra Pradesh,2.2185200946,5.1773545455,542,63.4543053604,4.7211475592
Vizianagaram,12,28,Andhra Pradesh,1.9874559548,4.9874353693,543,57.5299125884,3.9148707841
Visakhapatnam,13,28,Andhra Pradesh,3.5398993873,6.215810068,544,58.3532495617,4.2440291408
East Godavari,14,28,Andhra Pradesh,4.3326441642,6.9666398971,545,63.695705192,5.6276289613
West Godavari,15,28,Andhra Pradesh,3.6681562705,7.023163077,546,66.6187727736,6.6100785592
Krishna,16,28,Andhra Pradesh,4.4988040764,8.031281841,547,62.4766911178,7.8478972113
Guntur,17,28,Andhra Pradesh,3.7150107243,7.3711531114,548,59.0114345788,7.069741604
Prakasam,18,28,Andhra Pradesh,1.2405644925,4.9206088905,549,62.0197019217,3.8257683877
Sri Potti Sriramulu Nellore,19,28,Andhra Pradesh,1.8947086933,5.7607978193,550,64.3608942858,5.2371819807
Y.s.r.,20,28,Andhra Pradesh,1.7929231756,5.5521539454,551,63.2390017491,4.3140409958
Kurnool,21,28,Andhra Pradesh,1.0872477733,4.8751573932,552,61.1357680197,3.8749065074
Anantapur,22,28,Andhra Pradesh,1.2340464997,5.3726875098,553,59.3556720359,4.7962152914
Chittoor,23,28,Andhra Pradesh,2.2878121337,6.3048845722,554,56.2277988551,5.849104541
Belgaum,1,29,Karnataka,3.6267144596,7.0238232692,555,67.221026409,6.652640574
Bagalkot,2,29,Karnataka,3.217822862,6.9764862647,556,68.2936345432,6.7862974437
Bijapur,3,29,Karnataka,1.1018663713,4.6835266557,557,64.4078408855,4.1889144899
Bidar,4,29,Karnataka,1.7021554317,5.6093550664,558,58.9620112754,5.5566834969
Raichur,5,29,Karnataka,1.1272638893,5.0679570789,559,63.3813469846,4.7531068835
Koppal,6,29,Karnataka,1.2234810538,5.2311652196,560,67.1747031144,4.9251537767
Gadag,7,29,Karnataka,0.8173000686,4.5700780909,561,68.2291378663,4.0101546705
Dharwad,8,29,Karnataka,2.7076482126,6.3234336317,562,70.2979307778,5.9328176167
Uttara Kannada,9,29,Karnataka,0.5941892304,3.6609891894,563,67.474200983,1.4893482441
Haveri,10,29,Karnataka,1.573637353,5.7197492747,564,73.1702055896,5.6369919706
Bellary,11,29,Karnataka,2.5626388758,6.584800329,565,64.8354106821,6.1927173486
Chitradurga,12,29,Karnataka,0.9091320993,5.063123549,566,68.4658982148,4.3860161775
Davanagere,13,29,Karnataka,1.6107649127,5.6787751506,567,72.168281532,5.123064211
Shimoga,14,29,Karnataka,1.3004389822,4.5227601045,568,68.5720899165,2.5949506185
Udupi,15,29,Karnataka,1.3857392712,4.8228771141,569,63.7352877148,3.7701876247
Chikmagalur,16,29,Karnataka,0.5625286766,3.9539857655,570,66.0327992083,1.6928064992
Tumkur,17,29,Karnataka,1.2288646775,5.6099880381,571,58.4409931686,5.1877346933
Bangalore,18,29,Karnataka,33.6172500404,34.4730895328,572,47.7565649259,34.4730895328
Mandya,19,29,Karnataka,3.9743045452,8.1638571197,573,58.1552448663,8.1059017359
Hassan,20,29,Karnataka,1.6168469633,5.8401997353,574,62.2212936831,5.3926741639
Dakshina Kannada,21,29,Karnataka,2.8654962724,6.2335345344,575,60.109258573,5.1221850859
Kodagu,22,29,Karnataka,0.3022599025,3.522760838,576,60.8704391648,0.9747138108
Mysore,23,29,Karnataka,3.877915711,7.7388217008,577,59.6633969346,7.3174078146
Chamrajnagar,24,29,Karnataka,1.155059038,4.8238192885,578,53.1328409674,3.3813088127
Gulbarga,25,29,Karnataka,1.308131891,4.9981630187,579,60.8315404864,4.7898452493
Yadgir,26,29,Karnataka,0.547152905,4.1535408941,580,61.5039047736,3.5965925517
Kolar,27,29,Karnataka,3.2617536406,7.9343127499,581,46.2961987839,7.9108795405
Chikkaballapura,28,29,Karnataka,2.0250104965,6.4852376001,582,52.7510164637,6.3322086969
Bangalore Rural,29,29,Karnataka,8.1595493102,11.6549469041,583,48.362295623,11.6429849275
Ramanagara,30,29,Karnataka,3.621338745,7.8227765513,584,53.1395665722,7.6467230448
North Goa,1,30,Goa,10.4307840086,12.5299896508,585,64.0638881515,12.2340270003
South Goa,2,30,Goa,5.9114920774,8.6175613906,586,65.6069440037,7.6297605854
Lakshadweep,1,31,Lakshadweep,0.1322217542,2.8843511052,587,61.0464841285,0.3083821476
Kasaragod,1,32,Kerala,1.4821817654,5.162619518,588,58.0819116213,4.7334350331
Kannur,2,32,Kerala,2.6689019324,6.12732959,589,56.1714511489,5.6419735224
Wayanad,3,32,Kerala,0.98450265,4.8029472632,590,60.0051136066,3.7563449741
Kozhikode,4,32,Kerala,4.3284613919,7.5132828073,591,54.3371143235,7.0201850176
Malappuram,5,32,Kerala,2.8576990678,6.2844776808,592,55.8351761067,5.5664229331
Palakkad,6,32,Kerala,3.273025516,6.6166048152,593,57.1839678152,5.6306063643
Thrissur,7,32,Kerala,7.1759461468,9.3929787355,594,59.405763396,8.6836899946
Ernakulam,8,32,Kerala,13.699219251,15.6106913311,595,55.4899837263,15.3786650082
Idukki,9,32,Kerala,0.5175415257,4.1295295557,596,48.6720601024,2.5547914745
Kottayam,10,32,Kerala,4.4944840031,7.772524537,597,52.5038140423,7.6606399813
Alappuzha,11,32,Kerala,8.8887592776,10.6770384342,598,51.3325462526,10.6547347096
Pathanamthitta,12,32,Kerala,2.4980863092,5.5339057395,599,54.5707179354,4.1275211711
Kollam,13,32,Kerala,6.7947801985,9.0394092672,600,58.6428008268,8.3212659017
Thiruvananthapuram,14,32,Kerala,10.3358963828,12.1706931495,601,56.4912527083,11.6317601699
Thiruvallur,1,33,Tamil Nadu,14.054501609,16.5414701291,602,59.4103041975,16.5131837626
Chennai,2,33,Tamil Nadu,62.1870341744,62.2517760293,603,60.2104753902,62.2517760293
Kancheepuram,3,33,Tamil Nadu,14.2874643868,16.936126849,604,60.8474087137,16.936126849
Vellore,4,33,Tamil Nadu,5.840872698,9.3683860812,605,50.6813177693,9.0026718386
Tiruvannamalai,5,33,Tamil Nadu,2.4472789727,6.7619363332,606,54.9497911982,6.4518622703
Viluppuram,6,33,Tamil Nadu,4.0626258976,8.0764945962,607,55.315724952,7.9392660146
Salem,7,33,Tamil Nadu,8.3551791722,11.2190969466,608,46.3330378598,11.0709816288
Namakkal,8,33,Tamil Nadu,7.4865623479,10.4592543097,609,44.5358250188,10.3725593382
Erode,9,33,Tamil Nadu,5.2584611034,8.175091385,610,50.7804866643,7.0896662238
The Nilgiris,10,33,Tamil Nadu,1.9464425002,5.5062399856,611,46.0107669835,4.17351111
Dindigul,11,33,Tamil Nadu,2.7069811541,6.5675849114,612,46.8167515142,5.9660843346
Karur,12,33,Tamil Nadu,3.2218485059,7.4852110945,613,46.9591697361,7.4706976384
Tiruchirappalli,13,33,Tamil Nadu,5.2901444903,9.1558184382,614,50.937099722,9.1027522842
Perambalur,14,33,Tamil Nadu,1.7320379083,6.3106840918,615,50.1470321759,6.2991365614
Ariyalur,15,33,Tamil Nadu,3.444581336,7.6369188806,616,56.4498985986,7.6369188806
Cuddalore,16,33,Tamil Nadu,9.5507492135,12.4866712951,617,58.4460468445,12.4849533811
Nagappattinam,17,33,Tamil Nadu,5.5025175673,8.7483253944,618,64.2211354184,8.6062735088
Thiruvarur,18,33,Tamil Nadu,4.5710373495,8.1780250428,619,64.5948673495,8.00894242
Thanjavur,19,33,Tamil Nadu,6.6623060509,10.0432630863,620,59.2586287268,10.0296309605
Pudukkottai,20,33,Tamil Nadu,2.4496956181,6.7074967182,621,56.0305215888,6.7049740328
Sivaganga,21,33,Tamil Nadu,1.9335641165,6.1154043323,622,48.8678611153,6.0935884411
Madurai,22,33,Tamil Nadu,5.3266741163,9.1118216945,623,43.5475246224,8.9440641259
Theni,23,33,Tamil Nadu,2.3753691914,6.0101005189,624,47.0543920409,5.1380724602
Virudunagar,24,33,Tamil Nadu,3.7187645348,7.343550893,625,47.1379857005,7.0801715036
Ramanathapuram,25,33,Tamil Nadu,1.2634296695,5.0707606186,626,47.1037002275,4.8563946351
Thoothukkudi,26,33,Tamil Nadu,3.5270188797,7.0779128358,627,53.256761541,6.8188432696
Tirunelveli,27,33,Tamil Nadu,5.6619628654,8.6588689673,628,56.1923627999,8.2822718124
Kanniyakumari,28,33,Tamil Nadu,9.6059667876,11.5083716601,629,49.996361087,10.9547404059
Dharmapuri,29,33,Tamil Nadu,1.5371434272,5.6815294856,630,49.2802667728,5.0375786291
Krishnagiri,30,33,Tamil Nadu,2.1479431119,6.2637603332,631,47.4608152446,5.6044015238
Coimbatore,31,33,Tamil Nadu,9.0535207218,11.9411190668,632,54.6361376995,11.5696571949
Tiruppur,32,33,Tamil Nadu,5.7955769664,9.3239432786,633,49.8260906167,9.0709086801
Yanam,1,34,Puducherry,23.5938509777,24.0302463891,634,67.5809685641,24.0302463891
Puducherry,2,34,Puducherry,29.3135699205,29.5174148437,635,59.5478716409,29.5174148437
Mahe,3,34,Puducherry,16.8802440524,17.1823314513,636,57.26801727,17.1823314513
Karaikal,4,34,Puducherry,21.676481923,22.0086997616,637,62.6643610508,22.0086997616
Nicobar,1,35,Andaman & Nicobar Island,0.1657662267,2.9600075089,638,46.567290319,0.1941782884
North & Middle Andaman,2,35,Andaman & Nicobar Island,0.2100909591,2.8607158325,639,57.3081408307,0.3829309716
South Andaman,3,35,Andaman & Nicobar Island,1.1065453054,3.6905662317,640,59.0902178147,1.3943238871
